-- phpMyAdmin SQL Dump
-- version 4.5.1
-- http://www.phpmyadmin.net
--
-- Host: 127.0.0.1
-- Generation Time: Aug 22, 2017 at 08:07 AM
-- Server version: 10.1.16-MariaDB
-- PHP Version: 5.6.24

SET SQL_MODE = "NO_AUTO_VALUE_ON_ZERO";
SET time_zone = "+00:00";


/*!40101 SET @OLD_CHARACTER_SET_CLIENT=@@CHARACTER_SET_CLIENT */;
/*!40101 SET @OLD_CHARACTER_SET_RESULTS=@@CHARACTER_SET_RESULTS */;
/*!40101 SET @OLD_COLLATION_CONNECTION=@@COLLATION_CONNECTION */;
/*!40101 SET NAMES utf8mb4 */;

--
-- Database: `cmtech`
--

-- --------------------------------------------------------

--
-- Table structure for table `bills`
--

CREATE TABLE `bills` (
  `id` int(10) UNSIGNED NOT NULL,
  `id_customer` int(11) NOT NULL,
  `date_order` int(11) NOT NULL,
  `total` double NOT NULL,
  `status` double NOT NULL,
  `payment` varchar(191) COLLATE utf8mb4_unicode_ci NOT NULL,
  `note` varchar(191) COLLATE utf8mb4_unicode_ci NOT NULL,
  `created_at` timestamp NULL DEFAULT NULL,
  `updated_at` timestamp NULL DEFAULT NULL
) ENGINE=InnoDB DEFAULT CHARSET=utf8mb4 COLLATE=utf8mb4_unicode_ci;

--
-- Dumping data for table `bills`
--

INSERT INTO `bills` (`id`, `id_customer`, `date_order`, `total`, `status`, `payment`, `note`, `created_at`, `updated_at`) VALUES
(3, 3, 1501304388, 1990000, 1, 'COD', 'ko mua', '2017-07-29 04:59:48', '2017-07-29 04:59:48'),
(4, 4, 1501428079, 1990000, 1, 'COD', 'abc', '2017-07-30 15:21:19', '2017-07-30 15:21:19'),
(5, 5, 1501644292, 1990000, 1, 'COD', 'abc', '2017-08-02 03:24:52', '2017-08-02 03:24:52'),
(6, 6, 1501644315, 1990000, 1, 'COD', 'abc', '2017-08-02 03:25:15', '2017-08-02 03:25:15'),
(7, 7, 1501644364, 1990000, 1, 'COD', 'abc', '2017-08-02 03:26:04', '2017-08-02 03:26:04'),
(8, 8, 1501645932, 1990000, 1, 'COD', 'abc', '2017-08-02 03:52:12', '2017-08-02 03:52:12'),
(9, 9, 1501645941, 1990000, 1, 'COD', 'abc', '2017-08-02 03:52:21', '2017-08-02 03:52:21'),
(10, 10, 1501645974, 1990000, 1, 'COD', 'abc', '2017-08-02 03:52:54', '2017-08-02 03:52:54'),
(11, 11, 1501645988, 1990000, 1, 'COD', 'abc', '2017-08-02 03:53:08', '2017-08-02 03:53:08'),
(12, 12, 1501661778, 1990000, 1, 'COD', 'abc', '2017-08-02 08:16:18', '2017-08-02 08:16:18'),
(13, 13, 1501662949, 1990000, 1, 'COD', 'abc', '2017-08-02 08:35:49', '2017-08-02 08:35:49'),
(14, 14, 1501665966, 1990000, 1, 'COD', 'Ko có', '2017-08-02 09:26:06', '2017-08-02 09:26:06'),
(15, 15, 1501735635, 1990000, 1, 'COD', 'abc', '2017-08-03 04:47:15', '2017-08-03 04:47:15'),
(16, 16, 1501735645, 1990000, 1, 'COD', 'abc', '2017-08-03 04:47:25', '2017-08-03 04:47:25'),
(17, 17, 1501735691, 4980000, 1, 'COD', 'abc', '2017-08-03 04:48:11', '2017-08-03 04:48:11'),
(18, 18, 1501735758, 3980000, 1, 'COD', 'q3gt', '2017-08-03 04:49:18', '2017-08-03 04:49:18'),
(19, 19, 1501735797, 3980000, 1, 'COD', 'q3gt', '2017-08-03 04:49:57', '2017-08-03 04:49:57');

-- --------------------------------------------------------

--
-- Table structure for table `bill_detail`
--

CREATE TABLE `bill_detail` (
  `id` int(10) UNSIGNED NOT NULL,
  `id_bill` int(11) NOT NULL,
  `name_product` varchar(191) COLLATE utf8mb4_unicode_ci NOT NULL,
  `id_product` int(11) NOT NULL,
  `quantity` int(11) NOT NULL,
  `unit_price` double NOT NULL,
  `created_at` timestamp NULL DEFAULT NULL,
  `updated_at` timestamp NULL DEFAULT NULL
) ENGINE=InnoDB DEFAULT CHARSET=utf8mb4 COLLATE=utf8mb4_unicode_ci;

--
-- Dumping data for table `bill_detail`
--

INSERT INTO `bill_detail` (`id`, `id_bill`, `name_product`, `id_product`, `quantity`, `unit_price`, `created_at`, `updated_at`) VALUES
(1, 1, 'Zenfone 2', 1, 1, 120000, '2017-07-10 16:49:03', '2017-07-10 16:49:03'),
(2, 2, 'Zenfone 2', 1, 1, 1990000, '2017-07-29 04:59:36', '2017-07-29 04:59:36'),
(3, 3, 'Zenfone 2', 1, 1, 1990000, '2017-07-29 04:59:48', '2017-07-29 04:59:48'),
(4, 4, 'Zenfone 2', 1, 1, 1990000, '2017-07-30 15:21:19', '2017-07-30 15:21:19'),
(5, 5, 'Zenfone 2', 1, 1, 1990000, '2017-08-02 03:24:52', '2017-08-02 03:24:52'),
(6, 6, 'Zenfone 2', 1, 1, 1990000, '2017-08-02 03:25:15', '2017-08-02 03:25:15'),
(7, 7, 'Zenfone 2', 1, 1, 1990000, '2017-08-02 03:26:04', '2017-08-02 03:26:04'),
(8, 8, 'Zenfone 2', 1, 1, 1990000, '2017-08-02 03:52:12', '2017-08-02 03:52:12'),
(9, 9, 'Zenfone 2', 1, 1, 1990000, '2017-08-02 03:52:21', '2017-08-02 03:52:21'),
(10, 10, 'Zenfone 2', 1, 1, 1990000, '2017-08-02 03:52:54', '2017-08-02 03:52:54'),
(11, 11, 'Zenfone 2', 1, 1, 1990000, '2017-08-02 03:53:08', '2017-08-02 03:53:08'),
(12, 12, 'Zenfone 2', 1, 1, 1990000, '2017-08-02 08:16:18', '2017-08-02 08:16:18'),
(13, 13, 'Zenfone 2', 1, 1, 1990000, '2017-08-02 08:35:49', '2017-08-02 08:35:49'),
(14, 14, 'Zenfone 2', 1, 1, 1990000, '2017-08-02 09:26:06', '2017-08-02 09:26:06');

-- --------------------------------------------------------

--
-- Table structure for table `comment`
--

CREATE TABLE `comment` (
  `id` int(10) UNSIGNED NOT NULL,
  `idUser` int(10) UNSIGNED NOT NULL,
  `idSanPham` int(10) UNSIGNED NOT NULL,
  `NoiDung` varchar(191) COLLATE utf8mb4_unicode_ci NOT NULL,
  `rate` varchar(191) COLLATE utf8mb4_unicode_ci DEFAULT NULL,
  `created_at` timestamp NULL DEFAULT NULL,
  `updated_at` timestamp NULL DEFAULT NULL
) ENGINE=InnoDB DEFAULT CHARSET=utf8mb4 COLLATE=utf8mb4_unicode_ci;

-- --------------------------------------------------------

--
-- Table structure for table `customer`
--

CREATE TABLE `customer` (
  `id` int(10) UNSIGNED NOT NULL,
  `name` varchar(191) COLLATE utf8mb4_unicode_ci NOT NULL,
  `gender` varchar(191) COLLATE utf8mb4_unicode_ci NOT NULL,
  `email` varchar(191) COLLATE utf8mb4_unicode_ci NOT NULL,
  `address` varchar(191) COLLATE utf8mb4_unicode_ci NOT NULL,
  `phone_number` varchar(191) COLLATE utf8mb4_unicode_ci NOT NULL,
  `note` varchar(191) COLLATE utf8mb4_unicode_ci NOT NULL,
  `created_at` timestamp NULL DEFAULT NULL,
  `updated_at` timestamp NULL DEFAULT NULL
) ENGINE=InnoDB DEFAULT CHARSET=utf8mb4 COLLATE=utf8mb4_unicode_ci;

--
-- Dumping data for table `customer`
--

INSERT INTO `customer` (`id`, `name`, `gender`, `email`, `address`, `phone_number`, `note`, `created_at`, `updated_at`) VALUES
(3, 'voanhdat', 'nam', 'voanhdat2008@gmail.com', 'houston', '0123123123', 'ko mua', '2017-07-29 04:59:48', '2017-07-29 04:59:48'),
(4, 'abc', 'nam', 'datvoanh95@gmail.com', 'cà mau', '01235154194', 'abc', '2017-07-30 15:21:19', '2017-07-30 15:21:19'),
(5, 'anh dat', 'nam', 'datvoanh95@gmail.com', 'ca mau', '0123456789', 'abc', '2017-08-02 03:24:51', '2017-08-02 03:24:51'),
(6, 'anh dat', 'nam', 'datvoanh95@gmail.com', 'ca mau', '0123456789', 'abc', '2017-08-02 03:25:15', '2017-08-02 03:25:15'),
(7, 'Anh Đạt', 'nam', 'datvoanh95@gmail.com', 'ca mau', '0123456789', 'abc', '2017-08-02 03:26:04', '2017-08-02 03:26:04'),
(8, 'Anh Đạt', 'nam', 'datvoanh95@gmail.com', 'ca mau', '0123456789', 'abc', '2017-08-02 03:52:12', '2017-08-02 03:52:12'),
(9, 'Anh Đạt', 'nam', 'datvoanh95@gmail.com', 'ca mau', '0123456789', 'abc', '2017-08-02 03:52:21', '2017-08-02 03:52:21'),
(10, 'Anh Đạt', 'nam', 'voanhdat2008@gmail.com', 'ca mau', '0123456789', 'abc', '2017-08-02 03:52:54', '2017-08-02 03:52:54'),
(11, 'Anh Đạt', 'nam', 'sglycafe@gmail.com', 'ca mau', '0123456789', 'abc', '2017-08-02 03:53:08', '2017-08-02 03:53:08'),
(12, 'cmtechmobile', 'nam', 'cmtechmobile@gmail.com', 'Cà Mau', '01235154194', 'abc', '2017-08-02 08:16:18', '2017-08-02 08:16:18'),
(13, 'cmtechmobile', 'nam', 'cmtechmobile@gmail.com', 'Cà Mau', '01235154194', 'abc', '2017-08-02 08:35:49', '2017-08-02 08:35:49'),
(14, 'Võ Anh Đạt', 'nam', 'datvoanh95@gmail.com', 'TP Cà Mau, Cà Mau', '01235154194', 'Ko có', '2017-08-02 09:26:06', '2017-08-02 09:26:06'),
(15, 'anh dat', 'nam', 'cmtechmobile@gmail.com', 'cà mau', '01235154194', 'abc', '2017-08-03 04:47:15', '2017-08-03 04:47:15'),
(16, 'anh dat', 'nam', 'cmtechmobile@gmail.com', 'cà mau', '01235154194', 'abc', '2017-08-03 04:47:25', '2017-08-03 04:47:25'),
(17, 'anh dat', 'nam', 'cmtechmobile@gmail.com', 'cà mau', '01235154194', 'abc', '2017-08-03 04:48:11', '2017-08-03 04:48:11'),
(18, 'vũ', 'nam', 'vulongepu@gmail.com', 'CT6A Xa La, Cầu Bươu,hà đông, hà nội', '988404580', 'q3gt', '2017-08-03 04:49:18', '2017-08-03 04:49:18'),
(19, 'vũ', 'nam', 'vulongepu@gmail.com', 'CT6A Xa La, Cầu Bươu,hà đông, hà nội', '988404580', 'q3gt', '2017-08-03 04:49:57', '2017-08-03 04:49:57');

-- --------------------------------------------------------

--
-- Table structure for table `migrations`
--

CREATE TABLE `migrations` (
  `id` int(10) UNSIGNED NOT NULL,
  `migration` varchar(191) COLLATE utf8mb4_unicode_ci NOT NULL,
  `batch` int(11) NOT NULL
) ENGINE=InnoDB DEFAULT CHARSET=utf8mb4 COLLATE=utf8mb4_unicode_ci;

--
-- Dumping data for table `migrations`
--

INSERT INTO `migrations` (`id`, `migration`, `batch`) VALUES
(1, '2014_10_12_000000_create_users_table', 1),
(2, '2014_10_12_100000_create_password_resets_table', 1),
(3, '2017_06_07_083318_create_customer_table', 1),
(4, '2017_06_08_023235_create_bills_table', 1),
(5, '2017_06_08_023333_create_bill_detail_table', 1),
(6, '2017_06_08_023453_create_news_table', 1),
(7, '2017_06_08_023537_create_products_table', 1),
(8, '2017_06_08_023607_create_slide_table', 1),
(9, '2017_06_08_023629_create_type_products_table', 1),
(10, '2017_07_06_124928_CreateCommentTable', 1),
(11, '2014_02_09_225721_create_visitor_registry', 2);

-- --------------------------------------------------------

--
-- Table structure for table `password_resets`
--

CREATE TABLE `password_resets` (
  `email` varchar(191) COLLATE utf8mb4_unicode_ci NOT NULL,
  `token` varchar(191) COLLATE utf8mb4_unicode_ci NOT NULL,
  `created_at` timestamp NULL DEFAULT NULL
) ENGINE=InnoDB DEFAULT CHARSET=utf8mb4 COLLATE=utf8mb4_unicode_ci;

-- --------------------------------------------------------

--
-- Table structure for table `product`
--

CREATE TABLE `product` (
  `id` int(10) UNSIGNED NOT NULL,
  `name` varchar(191) COLLATE utf8mb4_unicode_ci NOT NULL,
  `id_type` int(11) NOT NULL,
  `description` text COLLATE utf8mb4_unicode_ci NOT NULL,
  `unit_price` double NOT NULL,
  `promotion_price` double NOT NULL,
  `image` varchar(191) COLLATE utf8mb4_unicode_ci NOT NULL,
  `unit` varchar(191) COLLATE utf8mb4_unicode_ci NOT NULL,
  `new` int(11) NOT NULL,
  `created_at` timestamp NULL DEFAULT NULL,
  `updated_at` timestamp NULL DEFAULT NULL
) ENGINE=InnoDB DEFAULT CHARSET=utf8mb4 COLLATE=utf8mb4_unicode_ci;

--
-- Dumping data for table `product`
--

INSERT INTO `product` (`id`, `name`, `id_type`, `description`, `unit_price`, `promotion_price`, `image`, `unit`, `new`, `created_at`, `updated_at`) VALUES
(1, 'Zenfone 2', 1, '<h2><span style="font-size:16px"><strong>Thông số kỹ thuật</strong></span></h2>\r\n\r\n<ul>\r\n	<li><span style="font-size:14px"><span style="color:rgb(102, 102, 102)">Màn hình:</span></span>\r\n\r\n	<div style="margin: 0px; padding: 6px 5px; display: table-cell; width: auto; vertical-align: top;"><span style="font-size:14px"><a href="https://www.thegioididong.com/hoi-dap/man-hinh-ips-lcd-la-gi-905752" style="margin: 0px; padding: 0px; text-decoration-line: none; color: rgb(40, 138, 214);" target="_blank">IPS LCD</a>, 5", FWVGA</span></div>\r\n	</li>\r\n	<li><span style="font-size:14px"><span style="color:rgb(102, 102, 102)">Hệ điều hành:</span></span>\r\n	<div style="margin: 0px; padding: 6px 5px; display: table-cell; width: auto; vertical-align: top;"><span style="font-size:14px"><a href="https://www.thegioididong.com/hoi-dap/android-51-co-thay-doi-gi-moi-658189" style="margin: 0px; padding: 0px; text-decoration-line: none; color: rgb(40, 138, 214);" target="_blank">Android 5.1 (Lollipop)</a></span></div>\r\n	</li>\r\n	<li><span style="font-size:14px"><span style="color:rgb(102, 102, 102)">Camera sau:</span></span>\r\n	<div style="margin: 0px; padding: 6px 5px; display: table-cell; width: auto; vertical-align: top;"><span style="font-size:14px">8 MP</span></div>\r\n	</li>\r\n	<li><span style="font-size:14px"><span style="color:rgb(102, 102, 102)">Camera trước:</span></span>\r\n	<div style="margin: 0px; padding: 6px 5px; display: table-cell; width: auto; vertical-align: top;"><span style="font-size:14px">2 MP</span></div>\r\n	</li>\r\n	<li><span style="font-size:14px"><span style="color:rgb(102, 102, 102)">CPU:</span></span>\r\n	<div style="margin: 0px; padding: 6px 5px; display: table-cell; width: auto; vertical-align: top;"><span style="font-size:14px"><a href="https://www.thegioididong.com/tin-tuc/tim-hieu-vi-xu-ly-di-dong-arm-va-qualcomm-snapdrag-592769#snapdragon200" style="margin: 0px; padding: 0px; text-decoration-line: none; color: rgb(40, 138, 214);" target="_blank">Qualcomm Snapdragon 200 4 nhân 32-bit</a></span></div>\r\n	</li>\r\n	<li><span style="font-size:14px"><span style="color:rgb(102, 102, 102)">RAM:</span></span>\r\n	<div style="margin: 0px; padding: 6px 5px; display: table-cell; width: auto; vertical-align: top;"><span style="font-size:14px">1 GB</span></div>\r\n	</li>\r\n	<li><span style="font-size:14px"><span style="color:rgb(102, 102, 102)">Bộ nhớ trong:</span></span>\r\n	<div style="margin: 0px; padding: 6px 5px; display: table-cell; width: auto; vertical-align: top;"><span style="font-size:14px">8 GB</span></div>\r\n	</li>\r\n	<li><span style="font-size:14px"><span style="color:rgb(102, 102, 102)">Thẻ nhớ:</span></span>\r\n	<div style="margin: 0px; padding: 6px 5px; display: table-cell; width: auto; vertical-align: top;"><span style="font-size:14px"><a href="https://www.thegioididong.com/the-nho-dien-thoai/the-nho-microsd-128gb-class-10-uhs1" style="margin: 0px; padding: 0px; text-decoration-line: none; color: rgb(40, 138, 214);" target="_blank">MicroSD, hỗ trợ tối đa 128 GB</a></span></div>\r\n	</li>\r\n	<li><span style="font-size:14px"><span style="color:rgb(102, 102, 102)">Thẻ SIM:</span></span>\r\n	<div style="margin: 0px; padding: 6px 5px; display: table-cell; width: auto; vertical-align: top;"><span style="font-size:14px"><a href="https://www.thegioididong.com/tin-tuc/tim-hieu-cac-loai-sim-thong-dung-sim-thuong-micro--590216#microsim" style="margin: 0px; padding: 0px; text-decoration-line: none; color: rgb(40, 138, 214);" target="_blank">2 Micro SIM</a></span></div>\r\n	</li>\r\n	<li><span style="font-size:14px"><span style="color:rgb(102, 102, 102)">Dung lượng pin:</span></span>\r\n	<div style="margin: 0px; padding: 6px 5px; display: table-cell; width: auto; vertical-align: top;"><span style="font-size:14px">2600 mAh</span></div>\r\n	</li>\r\n</ul>\r\n\r\n<p>&nbsp;</p>', 1990000, 0, 'zen2.png', 'cái', 1, NULL, '2017-07-29 16:38:57'),
(2, 'Zenfone 3', 1, '<h2><span style="font-size:16px"><strong>Thông số kỹ thuật</strong></span></h2>\r\n\r\n<ul>\r\n	<li><span style="font-size:14px"><span style="color:rgb(102, 102, 102)">Màn hình:</span></span>\r\n\r\n	<div style="margin: 0px; padding: 6px 5px; display: table-cell; width: auto; vertical-align: top;"><span style="font-size:14px"><a href="https://www.thegioididong.com/hoi-dap/super-ips-lcd-la-gi-901562" style="margin: 0px; padding: 0px; text-decoration-line: none; color: rgb(40, 138, 214);" target="_blank">Super IPS LCD</a>, 5.2",&nbsp;<a href="https://www.thegioididong.com/tin-tuc/do-phan-giai-man-hinh-qhd-hd-fullhd-2k-4k-la-gi--592178#fullhd" style="margin: 0px; padding: 0px; text-decoration-line: none; color: rgb(40, 138, 214);" target="_blank">Full HD</a></span></div>\r\n	</li>\r\n	<li><span style="font-size:14px"><span style="color:rgb(102, 102, 102)">Hệ điều hành:</span></span>\r\n	<div style="margin: 0px; padding: 6px 5px; display: table-cell; width: auto; vertical-align: top;"><span style="font-size:14px"><a href="https://www.thegioididong.com/hoi-dap/android-6-marshmallow-co-gi-hot-726146" style="margin: 0px; padding: 0px; text-decoration-line: none; color: rgb(40, 138, 214);" target="_blank">Android 6.0 (Marshmallow)</a></span></div>\r\n	</li>\r\n	<li><span style="font-size:14px"><span style="color:rgb(102, 102, 102)">Camera sau:</span></span>\r\n	<div style="margin: 0px; padding: 6px 5px; display: table-cell; width: auto; vertical-align: top;"><span style="font-size:14px">16 MP</span></div>\r\n	</li>\r\n	<li><span style="font-size:14px"><span style="color:rgb(102, 102, 102)">Camera trước:</span></span>\r\n	<div style="margin: 0px; padding: 6px 5px; display: table-cell; width: auto; vertical-align: top;"><span style="font-size:14px">8 MP</span></div>\r\n	</li>\r\n	<li><span style="font-size:14px"><span style="color:rgb(102, 102, 102)">CPU:</span></span>\r\n	<div style="margin: 0px; padding: 6px 5px; display: table-cell; width: auto; vertical-align: top;"><span style="font-size:14px"><a href="https://www.thegioididong.com/hoi-dap/qualcomm-snapdragon-625-839970" style="margin: 0px; padding: 0px; text-decoration-line: none; color: rgb(40, 138, 214);" target="_blank">Snapdragon 625 8 nhân 64-bit</a></span></div>\r\n	</li>\r\n	<li><span style="font-size:14px"><span style="color:rgb(102, 102, 102)">RAM:</span></span>\r\n	<div style="margin: 0px; padding: 6px 5px; display: table-cell; width: auto; vertical-align: top;"><span style="font-size:14px">4 GB</span></div>\r\n	</li>\r\n	<li><span style="font-size:14px"><span style="color:rgb(102, 102, 102)">Bộ nhớ trong:</span></span>\r\n	<div style="margin: 0px; padding: 6px 5px; display: table-cell; width: auto; vertical-align: top;"><span style="font-size:14px">64 GB</span></div>\r\n	</li>\r\n	<li><span style="font-size:14px"><span style="color:rgb(102, 102, 102)">Thẻ nhớ:</span></span>\r\n	<div style="margin: 0px; padding: 6px 5px; display: table-cell; width: auto; vertical-align: top;"><span style="font-size:14px">MicroSD, hỗ trợ tối đa 128 GB</span></div>\r\n	</li>\r\n	<li><span style="font-size:14px"><span style="color:rgb(102, 102, 102)">Thẻ SIM:</span></span>\r\n	<div style="margin: 0px; padding: 6px 5px; display: table-cell; width: auto; vertical-align: top;"><span style="font-size:14px">Nano SIM &amp; Micro SIM (SIM 2 chung khe thẻ nhớ),&nbsp;<a href="https://www.dienmayxanh.com/kinh-nghiem-hay/mang-4g-la-gi-824397" style="margin: 0px; padding: 0px; text-decoration-line: none; color: rgb(40, 138, 214);" target="_blank">Hỗ trợ 4G</a></span></div>\r\n	</li>\r\n	<li><span style="font-size:14px"><span style="color:rgb(102, 102, 102)">Dung lượng pin:</span></span>\r\n	<div style="margin: 0px; padding: 6px 5px; display: table-cell; width: auto; vertical-align: top;"><span style="font-size:14px">2650 mAh</span></div>\r\n	</li>\r\n</ul>', 6990000, 6290000, 'zen3.png', 'cái', 0, NULL, '2017-07-29 16:41:28'),
(3, 'Zenfone 3 Max', 1, '<h2><span style="font-size:16px"><strong>Thông số kỹ thuật</strong></span></h2>\r\n\r\n<ul>\r\n	<li><span style="font-size:14px"><span style="color:rgb(102, 102, 102)">Màn hình:</span></span>\r\n\r\n	<div style="margin: 0px; padding: 6px 5px; display: table-cell; width: auto; vertical-align: top;"><span style="font-size:14px"><a href="https://www.thegioididong.com/hoi-dap/man-hinh-ips-lcd-la-gi-905752" style="margin: 0px; padding: 0px; text-decoration-line: none; color: rgb(40, 138, 214);" target="_blank">IPS LCD</a>, 5.2",&nbsp;<a href="https://www.thegioididong.com/tin-tuc/do-phan-giai-man-hinh-qhd-hd-fullhd-2k-4k-la-gi--592178#hd" style="margin: 0px; padding: 0px; text-decoration-line: none; color: rgb(40, 138, 214);" target="_blank">HD</a></span></div>\r\n	</li>\r\n	<li><span style="font-size:14px"><span style="color:rgb(102, 102, 102)">Hệ điều hành:</span></span>\r\n	<div style="margin: 0px; padding: 6px 5px; display: table-cell; width: auto; vertical-align: top;"><span style="font-size:14px"><a href="https://www.thegioididong.com/hoi-dap/android-6-marshmallow-co-gi-hot-726146" style="margin: 0px; padding: 0px; text-decoration-line: none; color: rgb(40, 138, 214);" target="_blank">Android 6.0 (Marshmallow)</a></span></div>\r\n	</li>\r\n	<li><span style="font-size:14px"><span style="color:rgb(102, 102, 102)">Camera sau:</span></span>\r\n	<div style="margin: 0px; padding: 6px 5px; display: table-cell; width: auto; vertical-align: top;"><span style="font-size:14px">13 MP</span></div>\r\n	</li>\r\n	<li><span style="font-size:14px"><span style="color:rgb(102, 102, 102)">Camera trước:</span></span>\r\n	<div style="margin: 0px; padding: 6px 5px; display: table-cell; width: auto; vertical-align: top;"><span style="font-size:14px">5 MP</span></div>\r\n	</li>\r\n	<li><span style="font-size:14px"><span style="color:rgb(102, 102, 102)">CPU:</span></span>\r\n	<div style="margin: 0px; padding: 6px 5px; display: table-cell; width: auto; vertical-align: top;"><span style="font-size:14px"><a href="https://www.thegioididong.com/tin-tuc/smartphone-gia-re-chay-chip-64-bit-se-tro-nen-pho--574913" style="margin: 0px; padding: 0px; text-decoration-line: none; color: rgb(40, 138, 214);" target="_blank">MT6735 4 nhân 64-bit</a></span></div>\r\n	</li>\r\n	<li><span style="font-size:14px"><span style="color:rgb(102, 102, 102)">RAM:</span></span>\r\n	<div style="margin: 0px; padding: 6px 5px; display: table-cell; width: auto; vertical-align: top;"><span style="font-size:14px">3 GB</span></div>\r\n	</li>\r\n	<li><span style="font-size:14px"><span style="color:rgb(102, 102, 102)">Bộ nhớ trong:</span></span>\r\n	<div style="margin: 0px; padding: 6px 5px; display: table-cell; width: auto; vertical-align: top;"><span style="font-size:14px">32 GB</span></div>\r\n	</li>\r\n	<li><span style="font-size:14px"><span style="color:rgb(102, 102, 102)">Thẻ nhớ:</span></span>\r\n	<div style="margin: 0px; padding: 6px 5px; display: table-cell; width: auto; vertical-align: top;"><span style="font-size:14px">MicroSD, hỗ trợ tối đa 32 GB</span></div>\r\n	</li>\r\n	<li><span style="font-size:14px"><span style="color:rgb(102, 102, 102)">Thẻ SIM:</span></span>\r\n	<div style="margin: 0px; padding: 6px 5px; display: table-cell; width: auto; vertical-align: top;"><span style="font-size:14px">Nano SIM &amp; Micro SIM, hỗ trợ 4G</span></div>\r\n	</li>\r\n	<li><span style="font-size:14px"><span style="color:rgb(102, 102, 102)">Dung lượng pin:</span></span>\r\n	<div style="margin: 0px; padding: 6px 5px; display: table-cell; width: auto; vertical-align: top;"><span style="font-size:14px">4100 mAh</span></div>\r\n	</li>\r\n</ul>', 4990000, 0, 'zen3max.png', 'cái', 0, NULL, '2017-07-29 16:42:19'),
(4, 'Zenfone Go', 1, '<h2><span style="font-size:16px"><strong>Thông số kỹ thuật</strong></span></h2>\r\n\r\n<ul>\r\n	<li><span style="font-size:14px"><span style="color:rgb(102, 102, 102)">Màn hình:</span></span>\r\n\r\n	<div style="margin: 0px; padding: 6px 5px; display: table-cell; width: auto; vertical-align: top;"><span style="font-size:14px"><a href="https://www.thegioididong.com/hoi-dap/man-hinh-ips-lcd-la-gi-905752" style="margin: 0px; padding: 0px; text-decoration-line: none; color: rgb(40, 138, 214);" target="_blank">IPS LCD</a>, 5",&nbsp;<a href="https://www.thegioididong.com/tin-tuc/do-phan-giai-man-hinh-qhd-hd-fullhd-2k-4k-la-gi--592178#hd" style="margin: 0px; padding: 0px; text-decoration-line: none; color: rgb(40, 138, 214);" target="_blank">HD</a></span></div>\r\n	</li>\r\n	<li><span style="font-size:14px"><span style="color:rgb(102, 102, 102)">Hệ điều hành:</span></span>\r\n	<div style="margin: 0px; padding: 6px 5px; display: table-cell; width: auto; vertical-align: top;"><span style="font-size:14px"><a href="https://www.thegioididong.com/hoi-dap/android-51-co-thay-doi-gi-moi-658189" style="margin: 0px; padding: 0px; text-decoration-line: none; color: rgb(40, 138, 214);" target="_blank">Android 5.1 (Lollipop)</a></span></div>\r\n	</li>\r\n	<li><span style="font-size:14px"><span style="color:rgb(102, 102, 102)">Camera sau:</span></span>\r\n	<div style="margin: 0px; padding: 6px 5px; display: table-cell; width: auto; vertical-align: top;"><span style="font-size:14px">8 MP</span></div>\r\n	</li>\r\n	<li><span style="font-size:14px"><span style="color:rgb(102, 102, 102)">Camera trước:</span></span>\r\n	<div style="margin: 0px; padding: 6px 5px; display: table-cell; width: auto; vertical-align: top;"><span style="font-size:14px">2 MP</span></div>\r\n	</li>\r\n	<li><span style="font-size:14px"><span style="color:rgb(102, 102, 102)">CPU:</span></span>\r\n	<div style="margin: 0px; padding: 6px 5px; display: table-cell; width: auto; vertical-align: top;"><span style="font-size:14px"><a href="https://www.thegioididong.com/hoi-dap/mtk-6592-va-mtk-6580-772768#6580" style="margin: 0px; padding: 0px; text-decoration-line: none; color: rgb(40, 138, 214);" target="_blank">MT6580 4 nhân 32-bit</a></span></div>\r\n	</li>\r\n	<li><span style="font-size:14px"><span style="color:rgb(102, 102, 102)">RAM:</span></span>\r\n	<div style="margin: 0px; padding: 6px 5px; display: table-cell; width: auto; vertical-align: top;"><span style="font-size:14px">2 GB</span></div>\r\n	</li>\r\n	<li><span style="font-size:14px"><span style="color:rgb(102, 102, 102)">Bộ nhớ trong:</span></span>\r\n	<div style="margin: 0px; padding: 6px 5px; display: table-cell; width: auto; vertical-align: top;"><span style="font-size:14px">16 GB</span></div>\r\n	</li>\r\n	<li><span style="font-size:14px"><span style="color:rgb(102, 102, 102)">Thẻ SIM:</span></span>\r\n	<div style="margin: 0px; padding: 6px 5px; display: table-cell; width: auto; vertical-align: top;"><span style="font-size:14px"><a href="https://www.thegioididong.com/tin-tuc/tim-hieu-cac-loai-sim-thong-dung-sim-thuong-micro--590216#microsim" style="margin: 0px; padding: 0px; text-decoration-line: none; color: rgb(40, 138, 214);" target="_blank">1 Micro SIM</a></span></div>\r\n	</li>\r\n	<li><span style="font-size:14px"><span style="color:rgb(102, 102, 102)">Dung lượng pin:</span></span>\r\n	<div style="margin: 0px; padding: 6px 5px; display: table-cell; width: auto; vertical-align: top;"><span style="font-size:14px">2070 mAh</span></div>\r\n	</li>\r\n</ul>', 3141000, 2990000, 'zengo.png', 'cái', 1, NULL, '2017-07-29 16:42:54'),
(5, 'Zenfone Live', 1, '<h2><span style="font-size:16px"><strong>Thông số kỹ thuật</strong></span></h2>\r\n\r\n<ul>\r\n	<li><span style="font-size:14px"><span style="color:rgb(102, 102, 102)">Màn hình:</span></span>\r\n\r\n	<div style="margin: 0px; padding: 6px 5px; display: table-cell; width: auto; vertical-align: top;"><span style="font-size:14px">HD, 5"</span></div>\r\n	</li>\r\n	<li><span style="font-size:14px"><span style="color:rgb(102, 102, 102)">Hệ điều hành:</span></span>\r\n	<div style="margin: 0px; padding: 6px 5px; display: table-cell; width: auto; vertical-align: top;"><span style="font-size:14px"><a href="https://www.thegioididong.com/hoi-dap/android-51-co-thay-doi-gi-moi-658189" style="margin: 0px; padding: 0px; text-decoration-line: none; color: rgb(40, 138, 214);" target="_blank">Android 5.1 (Lollipop)</a></span></div>\r\n	</li>\r\n	<li><span style="font-size:14px"><span style="color:rgb(102, 102, 102)">Camera sau:</span></span>\r\n	<div style="margin: 0px; padding: 6px 5px; display: table-cell; width: auto; vertical-align: top;"><span style="font-size:14px">8 MP</span></div>\r\n	</li>\r\n	<li><span style="font-size:14px"><span style="color:rgb(102, 102, 102)">Camera trước:</span></span>\r\n	<div style="margin: 0px; padding: 6px 5px; display: table-cell; width: auto; vertical-align: top;"><span style="font-size:14px">2 MP</span></div>\r\n	</li>\r\n	<li><span style="font-size:14px"><span style="color:rgb(102, 102, 102)">CPU:</span></span>\r\n	<div style="margin: 0px; padding: 6px 5px; display: table-cell; width: auto; vertical-align: top;"><span style="font-size:14px"><a href="https://www.thegioididong.com/hoi-dap/mtk-6592-va-mtk-6580-772768#6580" style="margin: 0px; padding: 0px; text-decoration-line: none; color: rgb(40, 138, 214);" target="_blank">MediaTek MT6580 4 nhân 32-bit</a></span></div>\r\n	</li>\r\n	<li><span style="font-size:14px"><span style="color:rgb(102, 102, 102)">RAM:</span></span>\r\n	<div style="margin: 0px; padding: 6px 5px; display: table-cell; width: auto; vertical-align: top;"><span style="font-size:14px">2 GB</span></div>\r\n	</li>\r\n	<li><span style="font-size:14px"><span style="color:rgb(102, 102, 102)">Bộ nhớ trong:</span></span>\r\n	<div style="margin: 0px; padding: 6px 5px; display: table-cell; width: auto; vertical-align: top;"><span style="font-size:14px">Chưa xác định</span></div>\r\n	</li>\r\n	<li><span style="font-size:14px"><span style="color:rgb(102, 102, 102)">Thẻ SIM:</span></span>\r\n	<div style="margin: 0px; padding: 6px 5px; display: table-cell; width: auto; vertical-align: top;">&nbsp;</div>\r\n	</li>\r\n	<li><span style="font-size:14px"><span style="color:rgb(102, 102, 102)">Dung lượng pin:</span></span>\r\n	<div style="margin: 0px; padding: 6px 5px; display: table-cell; width: auto; vertical-align: top;"><span style="font-size:14px">2070 mAh</span></div>\r\n	</li>\r\n</ul>', 2990000, 0, 'zenlive.png', 'cái', 1, NULL, '2017-07-29 16:51:55'),
(6, 'HTC Desire 10 Pro', 2, '<h2><span style="font-size:16px"><strong>Thông số kỹ thuật</strong></span></h2>\r\n\r\n<ul>\r\n	<li><span style="font-size:14px"><span style="color:rgb(102, 102, 102)">Màn hình:</span></span>\r\n\r\n	<div style="margin: 0px; padding: 6px 5px; display: table-cell; width: auto; vertical-align: top;"><span style="font-size:14px"><a href="https://www.thegioididong.com/hoi-dap/man-hinh-ips-lcd-la-gi-905752" style="margin: 0px; padding: 0px; text-decoration-line: none; color: rgb(40, 138, 214);" target="_blank">IPS LCD</a>, 5.5",&nbsp;<a href="https://www.thegioididong.com/tin-tuc/do-phan-giai-man-hinh-qhd-hd-fullhd-2k-4k-la-gi--592178#fullhd" style="margin: 0px; padding: 0px; text-decoration-line: none; color: rgb(40, 138, 214);" target="_blank">Full HD</a></span></div>\r\n	</li>\r\n	<li><span style="font-size:14px"><span style="color:rgb(102, 102, 102)">Hệ điều hành:</span></span>\r\n	<div style="margin: 0px; padding: 6px 5px; display: table-cell; width: auto; vertical-align: top;"><span style="font-size:14px"><a href="https://www.thegioididong.com/hoi-dap/android-6-marshmallow-co-gi-hot-726146" style="margin: 0px; padding: 0px; text-decoration-line: none; color: rgb(40, 138, 214);" target="_blank">Android 6.0 (Marshmallow)</a></span></div>\r\n	</li>\r\n	<li><span style="font-size:14px"><span style="color:rgb(102, 102, 102)">Camera sau:</span></span>\r\n	<div style="margin: 0px; padding: 6px 5px; display: table-cell; width: auto; vertical-align: top;"><span style="font-size:14px">20 MP</span></div>\r\n	</li>\r\n	<li><span style="font-size:14px"><span style="color:rgb(102, 102, 102)">Camera trước:</span></span>\r\n	<div style="margin: 0px; padding: 6px 5px; display: table-cell; width: auto; vertical-align: top;"><span style="font-size:14px">13 MP</span></div>\r\n	</li>\r\n	<li><span style="font-size:14px"><span style="color:rgb(102, 102, 102)">CPU:</span></span>\r\n	<div style="margin: 0px; padding: 6px 5px; display: table-cell; width: auto; vertical-align: top;"><span style="font-size:14px"><a href="https://www.thegioididong.com/hoi-dap/mediatek-helio-p10-839964" style="margin: 0px; padding: 0px; text-decoration-line: none; color: rgb(40, 138, 214);" target="_blank">MTK Helio P10 8 nhân 64-bit</a></span></div>\r\n	</li>\r\n	<li><span style="font-size:14px"><span style="color:rgb(102, 102, 102)">RAM:</span></span>\r\n	<div style="margin: 0px; padding: 6px 5px; display: table-cell; width: auto; vertical-align: top;"><span style="font-size:14px">4 GB</span></div>\r\n	</li>\r\n	<li><span style="font-size:14px"><span style="color:rgb(102, 102, 102)">Bộ nhớ trong:</span></span>\r\n	<div style="margin: 0px; padding: 6px 5px; display: table-cell; width: auto; vertical-align: top;"><span style="font-size:14px">64 GB</span></div>\r\n	</li>\r\n	<li><span style="font-size:14px"><span style="color:rgb(102, 102, 102)">Thẻ nhớ:</span></span>\r\n	<div style="margin: 0px; padding: 6px 5px; display: table-cell; width: auto; vertical-align: top;"><span style="font-size:14px">MicroSD, hỗ trợ tối đa 2 TB</span></div>\r\n	</li>\r\n	<li><span style="font-size:14px"><span style="color:rgb(102, 102, 102)">Thẻ SIM:</span></span>\r\n	<div style="margin: 0px; padding: 6px 5px; display: table-cell; width: auto; vertical-align: top;"><span style="font-size:14px"><a href="https://www.thegioididong.com/tin-tuc/tim-hieu-cac-loai-sim-thong-dung-sim-thuong-micro--590216#nanosim" style="margin: 0px; padding: 0px; text-decoration-line: none; color: rgb(40, 138, 214);" target="_blank">2 Nano SIM</a>,&nbsp;<a href="https://www.thegioididong.com/hoi-dap/4g-la-gi-731757" style="margin: 0px; padding: 0px; text-decoration-line: none; color: rgb(40, 138, 214);" target="_blank">Hỗ trợ 4G</a></span></div>\r\n	</li>\r\n	<li><span style="font-size:14px"><span style="color:rgb(102, 102, 102)">Dung lượng pin:</span></span>\r\n	<div style="margin: 0px; padding: 6px 5px; display: table-cell; width: auto; vertical-align: top;"><span style="font-size:14px">3000 mAh</span></div>\r\n	</li>\r\n</ul>', 6651000, 5990000, 'htcdesire10pro.png', 'cái', 0, NULL, '2017-07-29 17:26:42'),
(7, 'HTC One A9S', 2, '<h2><span style="font-size:16px"><strong>Thông số kỹ thuật</strong></span></h2>\r\n\r\n<ul>\r\n	<li><span style="font-size:14px"><span style="color:rgb(102, 102, 102)">Màn hình:</span></span>\r\n\r\n	<div style="margin: 0px; padding: 6px 5px; display: table-cell; width: auto; vertical-align: top;"><span style="font-size:14px"><a href="https://www.thegioididong.com/hoi-dap/man-hinh-super-lcd-la-gi-905749" style="margin: 0px; padding: 0px; text-decoration-line: none; color: rgb(40, 138, 214);" target="_blank">Super LCD</a>, 5",&nbsp;<a href="https://www.thegioididong.com/tin-tuc/do-phan-giai-man-hinh-qhd-hd-fullhd-2k-4k-la-gi--592178#hd" style="margin: 0px; padding: 0px; text-decoration-line: none; color: rgb(40, 138, 214);" target="_blank">HD</a></span></div>\r\n	</li>\r\n	<li><span style="font-size:14px"><span style="color:rgb(102, 102, 102)">Hệ điều hành:</span></span>\r\n	<div style="margin: 0px; padding: 6px 5px; display: table-cell; width: auto; vertical-align: top;"><span style="font-size:14px"><a href="https://www.thegioididong.com/hoi-dap/android-6-marshmallow-co-gi-hot-726146" style="margin: 0px; padding: 0px; text-decoration-line: none; color: rgb(40, 138, 214);" target="_blank">Android 6.0 (Marshmallow)</a></span></div>\r\n	</li>\r\n	<li><span style="font-size:14px"><span style="color:rgb(102, 102, 102)">Camera sau:</span></span>\r\n	<div style="margin: 0px; padding: 6px 5px; display: table-cell; width: auto; vertical-align: top;"><span style="font-size:14px">13 MP</span></div>\r\n	</li>\r\n	<li><span style="font-size:14px"><span style="color:rgb(102, 102, 102)">Camera trước:</span></span>\r\n	<div style="margin: 0px; padding: 6px 5px; display: table-cell; width: auto; vertical-align: top;"><span style="font-size:14px">5 MP</span></div>\r\n	</li>\r\n	<li><span style="font-size:14px"><span style="color:rgb(102, 102, 102)">CPU:</span></span>\r\n	<div style="margin: 0px; padding: 6px 5px; display: table-cell; width: auto; vertical-align: top;"><span style="font-size:14px"><a href="https://www.thegioididong.com/hoi-dap/mediatek-helio-p10-839964" style="margin: 0px; padding: 0px; text-decoration-line: none; color: rgb(40, 138, 214);" target="_blank">MTK Helio P10 8 nhân 64-bit</a></span></div>\r\n	</li>\r\n	<li><span style="font-size:14px"><span style="color:rgb(102, 102, 102)">RAM:</span></span>\r\n	<div style="margin: 0px; padding: 6px 5px; display: table-cell; width: auto; vertical-align: top;"><span style="font-size:14px">2 GB</span></div>\r\n	</li>\r\n	<li><span style="font-size:14px"><span style="color:rgb(102, 102, 102)">Bộ nhớ trong:</span></span>\r\n	<div style="margin: 0px; padding: 6px 5px; display: table-cell; width: auto; vertical-align: top;"><span style="font-size:14px">16 GB</span></div>\r\n	</li>\r\n	<li><span style="font-size:14px"><span style="color:rgb(102, 102, 102)">Thẻ nhớ:</span></span>\r\n	<div style="margin: 0px; padding: 6px 5px; display: table-cell; width: auto; vertical-align: top;"><span style="font-size:14px">MicroSD, hỗ trợ tối đa 2 TB</span></div>\r\n	</li>\r\n	<li><span style="font-size:14px"><span style="color:rgb(102, 102, 102)">Thẻ SIM:</span></span>\r\n	<div style="margin: 0px; padding: 6px 5px; display: table-cell; width: auto; vertical-align: top;"><span style="font-size:14px"><a href="https://www.thegioididong.com/tin-tuc/tim-hieu-cac-loai-sim-thong-dung-sim-thuong-micro--590216#nanosim" style="margin: 0px; padding: 0px; text-decoration-line: none; color: rgb(40, 138, 214);" target="_blank">1 Nano SIM</a>,&nbsp;<a href="https://www.dienmayxanh.com/kinh-nghiem-hay/mang-4g-la-gi-824397" style="margin: 0px; padding: 0px; text-decoration-line: none; color: rgb(40, 138, 214);" target="_blank">Hỗ trợ 4G</a></span></div>\r\n	</li>\r\n	<li><span style="font-size:14px"><span style="color:rgb(102, 102, 102)">Dung lượng pin:</span></span>\r\n	<div style="margin: 0px; padding: 6px 5px; display: table-cell; width: auto; vertical-align: top;"><span style="font-size:14px">2300 mAh</span></div>\r\n	</li>\r\n</ul>', 4930500, 0, 'htconea9s.png', 'cái', 1, NULL, '2017-07-29 17:27:43'),
(8, 'HTC One Me', 2, '<h2><span style="font-size:16px"><strong>Thông số kỹ thuật</strong></span></h2>\r\n\r\n<ul>\r\n	<li><span style="font-size:14px"><span style="color:rgb(102, 102, 102)">Màn hình:</span></span>\r\n\r\n	<div style="margin: 0px; padding: 6px 5px; display: table-cell; width: auto; vertical-align: top;"><span style="font-size:14px"><a href="https://www.thegioididong.com/tin-tuc/loai-man-hinh-tft-lcd-amoled-la-gi--592346#superlcd" style="margin: 0px; padding: 0px; text-decoration-line: none; color: rgb(40, 138, 214);" target="_blank">Super LCD 3</a>, 5.2",&nbsp;<a href="https://www.thegioididong.com/tin-tuc/do-phan-giai-man-hinh-qhd-hd-fullhd-2k-4k-la-gi--592178#4k" style="margin: 0px; padding: 0px; text-decoration-line: none; color: rgb(40, 138, 214);" target="_blank">Quad HD (2K)</a></span></div>\r\n	</li>\r\n	<li><span style="font-size:14px"><span style="color:rgb(102, 102, 102)">Hệ điều hành:</span></span>\r\n	<div style="margin: 0px; padding: 6px 5px; display: table-cell; width: auto; vertical-align: top;"><span style="font-size:14px"><a href="https://www.thegioididong.com/tin-tuc/he-dieu-hanh-android-qua-cac-phien-ban-cap-nhat-592544#android50" style="margin: 0px; padding: 0px; text-decoration-line: none; color: rgb(40, 138, 214);" target="_blank">Android 5.0 (Lollipop)</a></span></div>\r\n	</li>\r\n	<li><span style="font-size:14px"><span style="color:rgb(102, 102, 102)">Camera sau:</span></span>\r\n	<div style="margin: 0px; padding: 6px 5px; display: table-cell; width: auto; vertical-align: top;"><span style="font-size:14px">20 MP</span></div>\r\n	</li>\r\n	<li><span style="font-size:14px"><span style="color:rgb(102, 102, 102)">Camera trước:</span></span>\r\n	<div style="margin: 0px; padding: 6px 5px; display: table-cell; width: auto; vertical-align: top;"><span style="font-size:14px">4 Ultra pixel</span></div>\r\n	</li>\r\n	<li><span style="font-size:14px"><span style="color:rgb(102, 102, 102)">CPU:</span></span>\r\n	<div style="margin: 0px; padding: 6px 5px; display: table-cell; width: auto; vertical-align: top;"><span style="font-size:14px"><a href="https://www.thegioididong.com/hoi-dap/tim-hieu-ve-soc-mediatek-6795-632566" style="margin: 0px; padding: 0px; text-decoration-line: none; color: rgb(40, 138, 214);" target="_blank">MT6795 (Helio x10) 8 nhân 64-bit</a></span></div>\r\n	</li>\r\n	<li><span style="font-size:14px"><span style="color:rgb(102, 102, 102)">RAM:</span></span>\r\n	<div style="margin: 0px; padding: 6px 5px; display: table-cell; width: auto; vertical-align: top;"><span style="font-size:14px">3 GB</span></div>\r\n	</li>\r\n	<li><span style="font-size:14px"><span style="color:rgb(102, 102, 102)">Bộ nhớ trong:</span></span>\r\n	<div style="margin: 0px; padding: 6px 5px; display: table-cell; width: auto; vertical-align: top;"><span style="font-size:14px">32 GB</span></div>\r\n	</li>\r\n	<li><span style="font-size:14px"><span style="color:rgb(102, 102, 102)">Thẻ nhớ:</span></span>\r\n	<div style="margin: 0px; padding: 6px 5px; display: table-cell; width: auto; vertical-align: top;"><span style="font-size:14px">MicroSD, hỗ trợ tối đa 2 TB</span></div>\r\n	</li>\r\n	<li><span style="font-size:14px"><span style="color:rgb(102, 102, 102)">Thẻ SIM:</span></span>\r\n	<div style="margin: 0px; padding: 6px 5px; display: table-cell; width: auto; vertical-align: top;"><span style="font-size:14px">2 Nano SIM, hỗ trợ 4G</span></div>\r\n	</li>\r\n	<li><span style="font-size:14px"><span style="color:rgb(102, 102, 102)">Dung lượng pin:</span></span>\r\n	<div style="margin: 0px; padding: 6px 5px; display: table-cell; width: auto; vertical-align: top;"><span style="font-size:14px">2840 mAh</span></div>\r\n	</li>\r\n</ul>', 5215500, 4990000, 'htconeme.png', 'cái', 0, NULL, '2017-07-29 17:27:38'),
(9, 'HTC UPlay', 2, '<h2><span style="font-size:16px"><strong>Thông số kỹ thuật</strong></span></h2>\r\n\r\n<ul>\r\n	<li><span style="font-size:14px"><span style="color:rgb(102, 102, 102)">Màn hình:</span></span>\r\n\r\n	<div style="margin: 0px; padding: 6px 5px; display: table-cell; width: auto; vertical-align: top;"><span style="font-size:14px"><a href="https://www.thegioididong.com/hoi-dap/man-hinh-super-lcd-la-gi-905749" style="margin: 0px; padding: 0px; text-decoration-line: none; color: rgb(40, 138, 214);" target="_blank">Super LCD</a>, 5.2",&nbsp;<a href="https://www.thegioididong.com/tin-tuc/do-phan-giai-man-hinh-qhd-hd-fullhd-2k-4k-la-gi--592178#fullhd" style="margin: 0px; padding: 0px; text-decoration-line: none; color: rgb(40, 138, 214);" target="_blank">Full HD</a></span></div>\r\n	</li>\r\n	<li><span style="font-size:14px"><span style="color:rgb(102, 102, 102)">Hệ điều hành:</span></span>\r\n	<div style="margin: 0px; padding: 6px 5px; display: table-cell; width: auto; vertical-align: top;"><span style="font-size:14px"><a href="https://www.thegioididong.com/hoi-dap/android-6-marshmallow-co-gi-hot-726146" style="margin: 0px; padding: 0px; text-decoration-line: none; color: rgb(40, 138, 214);" target="_blank">Android 6.0 (Marshmallow)</a></span></div>\r\n	</li>\r\n	<li><span style="font-size:14px"><span style="color:rgb(102, 102, 102)">Camera sau:</span></span>\r\n	<div style="margin: 0px; padding: 6px 5px; display: table-cell; width: auto; vertical-align: top;"><span style="font-size:14px">16 MP</span></div>\r\n	</li>\r\n	<li><span style="font-size:14px"><span style="color:rgb(102, 102, 102)">Camera trước:</span></span>\r\n	<div style="margin: 0px; padding: 6px 5px; display: table-cell; width: auto; vertical-align: top;"><span style="font-size:14px">16 MP</span></div>\r\n	</li>\r\n	<li><span style="font-size:14px"><span style="color:rgb(102, 102, 102)">CPU:</span></span>\r\n	<div style="margin: 0px; padding: 6px 5px; display: table-cell; width: auto; vertical-align: top;"><span style="font-size:14px"><a href="https://www.thegioididong.com/hoi-dap/mediatek-helio-p10-839964" style="margin: 0px; padding: 0px; text-decoration-line: none; color: rgb(40, 138, 214);" target="_blank">MTK Helio P10 8 nhân 64-bit</a></span></div>\r\n	</li>\r\n	<li><span style="font-size:14px"><span style="color:rgb(102, 102, 102)">RAM:</span></span>\r\n	<div style="margin: 0px; padding: 6px 5px; display: table-cell; width: auto; vertical-align: top;"><span style="font-size:14px">3 GB</span></div>\r\n	</li>\r\n	<li><span style="font-size:14px"><span style="color:rgb(102, 102, 102)">Bộ nhớ trong:</span></span>\r\n	<div style="margin: 0px; padding: 6px 5px; display: table-cell; width: auto; vertical-align: top;"><span style="font-size:14px">32 GB</span></div>\r\n	</li>\r\n	<li><span style="font-size:14px"><span style="color:rgb(102, 102, 102)">Thẻ nhớ:</span></span>\r\n	<div style="margin: 0px; padding: 6px 5px; display: table-cell; width: auto; vertical-align: top;"><span style="font-size:14px">MicroSD, hỗ trợ tối đa 2 TB</span></div>\r\n	</li>\r\n	<li><span style="font-size:14px"><span style="color:rgb(102, 102, 102)">Thẻ SIM:</span></span>\r\n	<div style="margin: 0px; padding: 6px 5px; display: table-cell; width: auto; vertical-align: top;"><span style="font-size:14px"><a href="https://www.thegioididong.com/tin-tuc/tim-hieu-cac-loai-sim-thong-dung-sim-thuong-micro--590216#nanosim" style="margin: 0px; padding: 0px; text-decoration-line: none; color: rgb(40, 138, 214);" target="_blank">2 Nano SIM</a>,&nbsp;<a href="https://www.thegioididong.com/hoi-dap/4g-la-gi-731757" style="margin: 0px; padding: 0px; text-decoration-line: none; color: rgb(40, 138, 214);" target="_blank">Hỗ trợ 4G</a></span></div>\r\n	</li>\r\n	<li><span style="font-size:14px"><span style="color:rgb(102, 102, 102)">Dung lượng pin:</span></span>\r\n	<div style="margin: 0px; padding: 6px 5px; display: table-cell; width: auto; vertical-align: top;"><span style="font-size:14px">2500 mAh</span></div>\r\n	</li>\r\n</ul>', 8990000, 8590000, 'htcuplay.png', 'cái', 1, NULL, '2017-07-29 17:27:32'),
(10, 'HTC Ultra Saphire', 2, '<p>Điện thoại HTC</p>', 16990000, 0, 'htcuultrasapphire.png', 'cái', 1, NULL, '2017-07-29 17:27:27'),
(11, 'Huawei GR5', 3, '<h2><span style="font-size:16px"><strong>Thông số kỹ thuật</strong></span></h2>\r\n\r\n<ul>\r\n	<li><span style="font-size:14px"><span style="color:rgb(102, 102, 102)">Màn hình:</span></span>\r\n\r\n	<div style="margin: 0px; padding: 6px 5px; display: table-cell; width: auto; vertical-align: top;"><span style="font-size:14px"><a href="https://www.thegioididong.com/hoi-dap/man-hinh-ips-lcd-la-gi-905752" style="margin: 0px; padding: 0px; text-decoration-line: none; color: rgb(40, 138, 214);" target="_blank">IPS LCD</a>, 5.5",&nbsp;<a href="https://www.thegioididong.com/tin-tuc/do-phan-giai-man-hinh-qhd-hd-fullhd-2k-4k-la-gi--592178#fullhd" style="margin: 0px; padding: 0px; text-decoration-line: none; color: rgb(40, 138, 214);" target="_blank">Full HD</a></span></div>\r\n	</li>\r\n	<li><span style="font-size:14px"><span style="color:rgb(102, 102, 102)">Hệ điều hành:</span></span>\r\n	<div style="margin: 0px; padding: 6px 5px; display: table-cell; width: auto; vertical-align: top;"><span style="font-size:14px"><a href="https://www.thegioididong.com/hoi-dap/android-51-co-thay-doi-gi-moi-658189" style="margin: 0px; padding: 0px; text-decoration-line: none; color: rgb(40, 138, 214);" target="_blank">Android 5.1 (Lollipop)</a></span></div>\r\n	</li>\r\n	<li><span style="font-size:14px"><span style="color:rgb(102, 102, 102)">Camera sau:</span></span>\r\n	<div style="margin: 0px; padding: 6px 5px; display: table-cell; width: auto; vertical-align: top;"><span style="font-size:14px">13 MP</span></div>\r\n	</li>\r\n	<li><span style="font-size:14px"><span style="color:rgb(102, 102, 102)">Camera trước:</span></span>\r\n	<div style="margin: 0px; padding: 6px 5px; display: table-cell; width: auto; vertical-align: top;"><span style="font-size:14px">5 MP</span></div>\r\n	</li>\r\n	<li><span style="font-size:14px"><span style="color:rgb(102, 102, 102)">CPU:</span></span>\r\n	<div style="margin: 0px; padding: 6px 5px; display: table-cell; width: auto; vertical-align: top;"><span style="font-size:14px"><a href="https://www.thegioididong.com/hoi-dap/qualcom-snapdragon-616-750893" style="margin: 0px; padding: 0px; text-decoration-line: none; color: rgb(40, 138, 214);" target="_blank">Qualcomm Snapdragon 616 8 nhân 64-bit</a></span></div>\r\n	</li>\r\n	<li><span style="font-size:14px"><span style="color:rgb(102, 102, 102)">RAM:</span></span>\r\n	<div style="margin: 0px; padding: 6px 5px; display: table-cell; width: auto; vertical-align: top;"><span style="font-size:14px">2 GB</span></div>\r\n	</li>\r\n	<li><span style="font-size:14px"><span style="color:rgb(102, 102, 102)">Bộ nhớ trong:</span></span>\r\n	<div style="margin: 0px; padding: 6px 5px; display: table-cell; width: auto; vertical-align: top;"><span style="font-size:14px">16 GB</span></div>\r\n	</li>\r\n	<li><span style="font-size:14px"><span style="color:rgb(102, 102, 102)">Thẻ nhớ:</span></span>\r\n	<div style="margin: 0px; padding: 6px 5px; display: table-cell; width: auto; vertical-align: top;"><span style="font-size:14px"><a href="https://www.thegioididong.com/the-nho-dien-thoai/the-nho-microsd-128gb-class-10-uhs1" style="margin: 0px; padding: 0px; text-decoration-line: none; color: rgb(40, 138, 214);" target="_blank">MicroSD, hỗ trợ tối đa 128 GB</a></span></div>\r\n	</li>\r\n	<li><span style="font-size:14px"><span style="color:rgb(102, 102, 102)">Thẻ SIM:</span></span>\r\n	<div style="margin: 0px; padding: 6px 5px; display: table-cell; width: auto; vertical-align: top;"><span style="font-size:14px">Nano SIM &amp; Micro SIM,&nbsp;<a href="https://www.thegioididong.com/hoi-dap/4g-la-gi-731757" style="margin: 0px; padding: 0px; text-decoration-line: none; color: rgb(40, 138, 214);" target="_blank">Hỗ trợ 4G</a></span></div>\r\n	</li>\r\n	<li><span style="font-size:14px"><span style="color:rgb(102, 102, 102)">Dung lượng pin:</span></span>\r\n	<div style="margin: 0px; padding: 6px 5px; display: table-cell; width: auto; vertical-align: top;"><span style="font-size:14px">3000 mAh</span></div>\r\n	</li>\r\n</ul>', 5990000, 0, 'huaweigr5.png', 'cái', 0, NULL, '2017-07-29 17:28:33'),
(12, 'Huawei GR5 2017 Pro', 3, '<h2><span style="font-size:16px"><strong>Thông số kỹ thuật</strong></span></h2>\r\n\r\n<ul>\r\n	<li><span style="font-size:14px"><span style="color:rgb(102, 102, 102)">Màn hình:</span></span>\r\n\r\n	<div style="margin: 0px; padding: 6px 5px; display: table-cell; width: auto; vertical-align: top;"><span style="font-size:14px"><a href="https://www.thegioididong.com/hoi-dap/man-hinh-ips-lcd-la-gi-905752" style="margin: 0px; padding: 0px; text-decoration-line: none; color: rgb(40, 138, 214);" target="_blank">IPS LCD</a>, 5.5",&nbsp;<a href="https://www.thegioididong.com/tin-tuc/do-phan-giai-man-hinh-qhd-hd-fullhd-2k-4k-la-gi--592178#fullhd" style="margin: 0px; padding: 0px; text-decoration-line: none; color: rgb(40, 138, 214);" target="_blank">Full HD</a></span></div>\r\n	</li>\r\n	<li><span style="font-size:14px"><span style="color:rgb(102, 102, 102)">Hệ điều hành:</span></span>\r\n	<div style="margin: 0px; padding: 6px 5px; display: table-cell; width: auto; vertical-align: top;"><span style="font-size:14px"><a href="https://www.thegioididong.com/hoi-dap/android-6-marshmallow-co-gi-hot-726146" style="margin: 0px; padding: 0px; text-decoration-line: none; color: rgb(40, 138, 214);" target="_blank">Android 6.0 (Marshmallow)</a></span></div>\r\n	</li>\r\n	<li><span style="font-size:14px"><span style="color:rgb(102, 102, 102)">Camera sau:</span></span>\r\n	<div style="margin: 0px; padding: 6px 5px; display: table-cell; width: auto; vertical-align: top;"><span style="font-size:14px">12 MP và 2 MP (2 camera)</span></div>\r\n	</li>\r\n	<li><span style="font-size:14px"><span style="color:rgb(102, 102, 102)">Camera trước:</span></span>\r\n	<div style="margin: 0px; padding: 6px 5px; display: table-cell; width: auto; vertical-align: top;"><span style="font-size:14px">8 MP</span></div>\r\n	</li>\r\n	<li><span style="font-size:14px"><span style="color:rgb(102, 102, 102)">CPU:</span></span>\r\n	<div style="margin: 0px; padding: 6px 5px; display: table-cell; width: auto; vertical-align: top;"><span style="font-size:14px"><a href="https://www.thegioididong.com/hoi-dap/vi-xu-ly-di-dong-hisilicon-kirin-655-950825" style="margin: 0px; padding: 0px; text-decoration-line: none; color: rgb(40, 138, 214);" target="_blank">HiSilicon Kirin 655</a></span></div>\r\n	</li>\r\n	<li><span style="font-size:14px"><span style="color:rgb(102, 102, 102)">RAM:</span></span>\r\n	<div style="margin: 0px; padding: 6px 5px; display: table-cell; width: auto; vertical-align: top;"><span style="font-size:14px">4 GB</span></div>\r\n	</li>\r\n	<li><span style="font-size:14px"><span style="color:rgb(102, 102, 102)">Bộ nhớ trong:</span></span>\r\n	<div style="margin: 0px; padding: 6px 5px; display: table-cell; width: auto; vertical-align: top;"><span style="font-size:14px">64 GB</span></div>\r\n	</li>\r\n	<li><span style="font-size:14px"><span style="color:rgb(102, 102, 102)">Thẻ nhớ:</span></span>\r\n	<div style="margin: 0px; padding: 6px 5px; display: table-cell; width: auto; vertical-align: top;"><span style="font-size:14px"><a href="https://www.thegioididong.com/the-nho-dien-thoai/the-nho-microsd-128gb-class-10-uhs1" style="margin: 0px; padding: 0px; text-decoration-line: none; color: rgb(40, 138, 214);" target="_blank">MicroSD, hỗ trợ tối đa 128 GB</a></span></div>\r\n	</li>\r\n	<li><span style="font-size:14px"><span style="color:rgb(102, 102, 102)">Thẻ SIM:</span></span>\r\n	<div style="margin: 0px; padding: 6px 5px; display: table-cell; width: auto; vertical-align: top;"><span style="font-size:14px">2 SIM Nano (SIM 2 chung khe thẻ nhớ),&nbsp;<a href="https://www.thegioididong.com/hoi-dap/4g-la-gi-731757" style="margin: 0px; padding: 0px; text-decoration-line: none; color: rgb(40, 138, 214);" target="_blank">Hỗ trợ 4G</a></span></div>\r\n	</li>\r\n	<li><span style="font-size:14px"><span style="color:rgb(102, 102, 102)">Dung lượng pin:</span></span>\r\n	<div style="margin: 0px; padding: 6px 5px; display: table-cell; width: auto; vertical-align: top;"><span style="font-size:14px">3340 mAh</span></div>\r\n	</li>\r\n</ul>', 6990000, 6490000, 'huaweigr52017pro.png', 'cái', 0, NULL, '2017-07-29 17:28:30'),
(13, 'Huawei Y5II', 3, '<h2><span style="font-size:16px"><strong>Thông số kỹ thuật</strong></span></h2>\r\n\r\n<ul>\r\n	<li><span style="font-size:14px"><span style="color:rgb(102, 102, 102)">Màn hình:</span></span>\r\n\r\n	<div style="margin: 0px; padding: 6px 5px; display: table-cell; width: auto; vertical-align: top;"><span style="font-size:14px"><a href="https://www.thegioididong.com/hoi-dap/man-hinh-ips-lcd-la-gi-905752" style="margin: 0px; padding: 0px; text-decoration-line: none; color: rgb(40, 138, 214);" target="_blank">IPS LCD</a>, 5",&nbsp;<a href="https://www.thegioididong.com/tin-tuc/do-phan-giai-man-hinh-qhd-hd-fullhd-2k-4k-la-gi--592178#hd" style="margin: 0px; padding: 0px; text-decoration-line: none; color: rgb(40, 138, 214);" target="_blank">HD</a></span></div>\r\n	</li>\r\n	<li><span style="font-size:14px"><span style="color:rgb(102, 102, 102)">Hệ điều hành:</span></span>\r\n	<div style="margin: 0px; padding: 6px 5px; display: table-cell; width: auto; vertical-align: top;"><span style="font-size:14px"><a href="https://www.thegioididong.com/hoi-dap/android-51-co-thay-doi-gi-moi-658189" style="margin: 0px; padding: 0px; text-decoration-line: none; color: rgb(40, 138, 214);" target="_blank">Android 5.1 (Lollipop)</a></span></div>\r\n	</li>\r\n	<li><span style="font-size:14px"><span style="color:rgb(102, 102, 102)">Camera sau:</span></span>\r\n	<div style="margin: 0px; padding: 6px 5px; display: table-cell; width: auto; vertical-align: top;"><span style="font-size:14px">8 MP</span></div>\r\n	</li>\r\n	<li><span style="font-size:14px"><span style="color:rgb(102, 102, 102)">Camera trước:</span></span>\r\n	<div style="margin: 0px; padding: 6px 5px; display: table-cell; width: auto; vertical-align: top;"><span style="font-size:14px">2 MP</span></div>\r\n	</li>\r\n	<li><span style="font-size:14px"><span style="color:rgb(102, 102, 102)">CPU:</span></span>\r\n	<div style="margin: 0px; padding: 6px 5px; display: table-cell; width: auto; vertical-align: top;"><span style="font-size:14px"><a href="https://www.thegioididong.com/tin-tuc/tim-hieu-vi-xu-ly-tren-di-dong-chip-mediatek-592855#mt6582" style="margin: 0px; padding: 0px; text-decoration-line: none; color: rgb(40, 138, 214);" target="_blank">MTK 6582 4 nhân 32-bit</a></span></div>\r\n	</li>\r\n	<li><span style="font-size:14px"><span style="color:rgb(102, 102, 102)">RAM:</span></span>\r\n	<div style="margin: 0px; padding: 6px 5px; display: table-cell; width: auto; vertical-align: top;"><span style="font-size:14px">1 GB</span></div>\r\n	</li>\r\n	<li><span style="font-size:14px"><span style="color:rgb(102, 102, 102)">Bộ nhớ trong:</span></span>\r\n	<div style="margin: 0px; padding: 6px 5px; display: table-cell; width: auto; vertical-align: top;"><span style="font-size:14px">8 GB</span></div>\r\n	</li>\r\n	<li><span style="font-size:14px"><span style="color:rgb(102, 102, 102)">Thẻ SIM:</span></span>\r\n	<div style="margin: 0px; padding: 6px 5px; display: table-cell; width: auto; vertical-align: top;"><span style="font-size:14px"><a href="https://www.thegioididong.com/tin-tuc/tim-hieu-cac-loai-sim-thong-dung-sim-thuong-micro--590216#microsim" style="margin: 0px; padding: 0px; text-decoration-line: none; color: rgb(40, 138, 214);" target="_blank">2 Micro SIM</a></span></div>\r\n	</li>\r\n	<li><span style="font-size:14px"><span style="color:rgb(102, 102, 102)">Dung lượng pin:</span></span>\r\n	<div style="margin: 0px; padding: 6px 5px; display: table-cell; width: auto; vertical-align: top;"><span style="font-size:14px">2200 mAh</span></div>\r\n	</li>\r\n</ul>', 2190000, 0, 'huaweiy5II.png', 'cái', 1, NULL, '2017-07-29 17:28:27');
INSERT INTO `product` (`id`, `name`, `id_type`, `description`, `unit_price`, `promotion_price`, `image`, `unit`, `new`, `created_at`, `updated_at`) VALUES
(14, 'iPhone 6 Plus', 4, '<h2><span style="font-size:16px"><strong>Thông số kỹ thuật</strong></span></h2>\r\n\r\n<ul>\r\n	<li><span style="font-size:14px"><span style="color:rgb(102, 102, 102)">Màn hình:</span></span>\r\n\r\n	<div style="margin: 0px; padding: 6px 5px; display: table-cell; width: auto; vertical-align: top;"><span style="font-size:14px"><a href="https://www.thegioididong.com/hoi-dap/man-hinh-led-backlit-ips-lcd-la-gi-905757" style="margin: 0px; padding: 0px; text-decoration-line: none; color: rgb(40, 138, 214);" target="_blank">LED-backlit IPS LCD</a>, 5.5",&nbsp;<a href="https://www.thegioididong.com/hoi-dap/man-hinh-retina-la-gi-905780" style="margin: 0px; padding: 0px; text-decoration-line: none; color: rgb(40, 138, 214);" target="_blank">Retina HD</a></span></div>\r\n	</li>\r\n	<li><span style="font-size:14px"><span style="color:rgb(102, 102, 102)">Hệ điều hành:</span></span>\r\n	<div style="margin: 0px; padding: 6px 5px; display: table-cell; width: auto; vertical-align: top;"><span style="font-size:14px"><a href="https://www.thegioididong.com/tin-tuc/ngay-mai-ios-9-ra-mat-co-gi-moi-dang-de-ban-cho-doi-702229" style="margin: 0px; padding: 0px; text-decoration-line: none; color: rgb(40, 138, 214);" target="_blank">iOS 9</a></span></div>\r\n	</li>\r\n	<li><span style="font-size:14px"><span style="color:rgb(102, 102, 102)">Camera sau:</span></span>\r\n	<div style="margin: 0px; padding: 6px 5px; display: table-cell; width: auto; vertical-align: top;"><span style="font-size:14px">8 MP</span></div>\r\n	</li>\r\n	<li><span style="font-size:14px"><span style="color:rgb(102, 102, 102)">Camera trước:</span></span>\r\n	<div style="margin: 0px; padding: 6px 5px; display: table-cell; width: auto; vertical-align: top;"><span style="font-size:14px">1.2 MP</span></div>\r\n	</li>\r\n	<li><span style="font-size:14px"><span style="color:rgb(102, 102, 102)">CPU:</span></span>\r\n	<div style="margin: 0px; padding: 6px 5px; display: table-cell; width: auto; vertical-align: top;"><span style="font-size:14px"><a href="https://www.thegioididong.com/tin-tuc/tim-hieu-ve-chip-xu-ly-danh-cho-di-dong-cua-apple-592848#applea8" style="margin: 0px; padding: 0px; text-decoration-line: none; color: rgb(40, 138, 214);" target="_blank">Apple A8 2 nhân 64-bit</a></span></div>\r\n	</li>\r\n	<li><span style="font-size:14px"><span style="color:rgb(102, 102, 102)">RAM:</span></span>\r\n	<div style="margin: 0px; padding: 6px 5px; display: table-cell; width: auto; vertical-align: top;"><span style="font-size:14px">1 GB</span></div>\r\n	</li>\r\n	<li><span style="font-size:14px"><span style="color:rgb(102, 102, 102)">Bộ nhớ trong:</span></span>\r\n	<div style="margin: 0px; padding: 6px 5px; display: table-cell; width: auto; vertical-align: top;"><span style="font-size:14px">16 GB</span></div>\r\n	</li>\r\n	<li><span style="font-size:14px"><span style="color:rgb(102, 102, 102)">Thẻ SIM:</span></span>\r\n	<div style="margin: 0px; padding: 6px 5px; display: table-cell; width: auto; vertical-align: top;"><span style="font-size:14px"><a href="https://www.thegioididong.com/tin-tuc/tim-hieu-cac-loai-sim-thong-dung-sim-thuong-micro--590216#nanosim" style="margin: 0px; padding: 0px; text-decoration-line: none; color: rgb(40, 138, 214);" target="_blank">1 Nano SIM</a>,&nbsp;<a href="https://www.thegioididong.com/hoi-dap/4g-la-gi-731757" style="margin: 0px; padding: 0px; text-decoration-line: none; color: rgb(40, 138, 214);" target="_blank">Hỗ trợ 4G</a></span></div>\r\n	</li>\r\n	<li><span style="font-size:14px"><span style="color:rgb(102, 102, 102)">Dung lượng pin:</span></span>\r\n	<div style="margin: 0px; padding: 6px 5px; display: table-cell; width: auto; vertical-align: top;"><span style="font-size:14px">2915 mAh</span></div>\r\n	</li>\r\n</ul>', 11990000, 0, 'iphone6plus.png', 'cái', 0, NULL, '2017-07-29 17:29:33'),
(15, 'iPhone 6S Plus', 4, '<h2><span style="font-size:16px"><strong>Thông số kỹ thuật</strong></span></h2>\r\n\r\n<ul>\r\n	<li><span style="font-size:14px"><span style="color:rgb(102, 102, 102)">Màn hình:</span></span>\r\n\r\n	<div style="margin: 0px; padding: 6px 5px; display: table-cell; width: auto; vertical-align: top;"><span style="font-size:14px"><a href="https://www.thegioididong.com/hoi-dap/man-hinh-led-backlit-ips-lcd-la-gi-905757" style="margin: 0px; padding: 0px; text-decoration-line: none; color: rgb(40, 138, 214);" target="_blank">LED-backlit IPS LCD</a>, 5.5",&nbsp;<a href="https://www.thegioididong.com/hoi-dap/man-hinh-retina-la-gi-905780" style="margin: 0px; padding: 0px; text-decoration-line: none; color: rgb(40, 138, 214);" target="_blank">Retina HD</a></span></div>\r\n	</li>\r\n	<li><span style="font-size:14px"><span style="color:rgb(102, 102, 102)">Hệ điều hành:</span></span>\r\n	<div style="margin: 0px; padding: 6px 5px; display: table-cell; width: auto; vertical-align: top;"><span style="font-size:14px"><a href="https://www.thegioididong.com/tin-tuc/ngay-mai-ios-9-ra-mat-co-gi-moi-dang-de-ban-cho-doi-702229" style="margin: 0px; padding: 0px; text-decoration-line: none; color: rgb(40, 138, 214);" target="_blank">iOS 9</a></span></div>\r\n	</li>\r\n	<li><span style="font-size:14px"><span style="color:rgb(102, 102, 102)">Camera sau:</span></span>\r\n	<div style="margin: 0px; padding: 6px 5px; display: table-cell; width: auto; vertical-align: top;"><span style="font-size:14px">12 MP</span></div>\r\n	</li>\r\n	<li><span style="font-size:14px"><span style="color:rgb(102, 102, 102)">Camera trước:</span></span>\r\n	<div style="margin: 0px; padding: 6px 5px; display: table-cell; width: auto; vertical-align: top;"><span style="font-size:14px">5 MP</span></div>\r\n	</li>\r\n	<li><span style="font-size:14px"><span style="color:rgb(102, 102, 102)">CPU:</span></span>\r\n	<div style="margin: 0px; padding: 6px 5px; display: table-cell; width: auto; vertical-align: top;"><span style="font-size:14px"><a href="https://www.thegioididong.com/hoi-dap/chip-xu-ly-apple-a9-tren-iphone-6s-va-6s-plus-733695" style="margin: 0px; padding: 0px; text-decoration-line: none; color: rgb(40, 138, 214);" target="_blank">Apple A9 2 nhân 64-bit</a></span></div>\r\n	</li>\r\n	<li><span style="font-size:14px"><span style="color:rgb(102, 102, 102)">RAM:</span></span>\r\n	<div style="margin: 0px; padding: 6px 5px; display: table-cell; width: auto; vertical-align: top;"><span style="font-size:14px">2 GB</span></div>\r\n	</li>\r\n	<li><span style="font-size:14px"><span style="color:rgb(102, 102, 102)">Bộ nhớ trong:</span></span>\r\n	<div style="margin: 0px; padding: 6px 5px; display: table-cell; width: auto; vertical-align: top;"><span style="font-size:14px">32 GB</span></div>\r\n	</li>\r\n	<li><span style="font-size:14px"><span style="color:rgb(102, 102, 102)">Thẻ SIM:</span></span>\r\n	<div style="margin: 0px; padding: 6px 5px; display: table-cell; width: auto; vertical-align: top;"><span style="font-size:14px"><a href="https://www.thegioididong.com/tin-tuc/tim-hieu-cac-loai-sim-thong-dung-sim-thuong-micro--590216#nanosim" style="margin: 0px; padding: 0px; text-decoration-line: none; color: rgb(40, 138, 214);" target="_blank">1 Nano SIM</a>,&nbsp;<a href="https://www.thegioididong.com/hoi-dap/4g-la-gi-731757" style="margin: 0px; padding: 0px; text-decoration-line: none; color: rgb(40, 138, 214);" target="_blank">Hỗ trợ 4G</a></span></div>\r\n	</li>\r\n	<li><span style="font-size:14px"><span style="color:rgb(102, 102, 102)">Dung lượng pin:</span></span>\r\n	<div style="margin: 0px; padding: 6px 5px; display: table-cell; width: auto; vertical-align: top;"><span style="font-size:14px">2750 mAh</span></div>\r\n	</li>\r\n</ul>', 14990000, 0, 'iphone6splus.png', 'cái', 1, NULL, '2017-07-29 17:29:30'),
(16, 'iPhone 7', 4, '<h2><strong><span style="font-size:16px">Thông số kỹ thuật</span></strong></h2>\r\n\r\n<ul>\r\n	<li><span style="font-size:14px"><span style="color:rgb(102, 102, 102)">Màn hình:</span></span>\r\n\r\n	<div style="margin: 0px; padding: 6px 5px; display: table-cell; width: auto; vertical-align: top;"><span style="font-size:14px"><a href="https://www.thegioididong.com/hoi-dap/man-hinh-led-backlit-ips-lcd-la-gi-905757" style="margin: 0px; padding: 0px; text-decoration-line: none; color: rgb(40, 138, 214);" target="_blank">LED-backlit IPS LCD</a>, 5.5",&nbsp;<a href="https://www.thegioididong.com/hoi-dap/man-hinh-retina-la-gi-905780" style="margin: 0px; padding: 0px; text-decoration-line: none; color: rgb(40, 138, 214);" target="_blank">Retina HD</a></span></div>\r\n	</li>\r\n	<li><span style="font-size:14px"><span style="color:rgb(102, 102, 102)">Hệ điều hành:</span></span>\r\n	<div style="margin: 0px; padding: 6px 5px; display: table-cell; width: auto; vertical-align: top;"><span style="font-size:14px"><a href="https://www.thegioididong.com/tin-tuc/ngay-mai-ios-9-ra-mat-co-gi-moi-dang-de-ban-cho-doi-702229" style="margin: 0px; padding: 0px; text-decoration-line: none; color: rgb(40, 138, 214);" target="_blank">iOS 9</a></span></div>\r\n	</li>\r\n	<li><span style="font-size:14px"><span style="color:rgb(102, 102, 102)">Camera sau:</span></span>\r\n	<div style="margin: 0px; padding: 6px 5px; display: table-cell; width: auto; vertical-align: top;"><span style="font-size:14px">12 MP</span></div>\r\n	</li>\r\n	<li><span style="font-size:14px"><span style="color:rgb(102, 102, 102)">Camera trước:</span></span>\r\n	<div style="margin: 0px; padding: 6px 5px; display: table-cell; width: auto; vertical-align: top;"><span style="font-size:14px">5 MP</span></div>\r\n	</li>\r\n	<li><span style="font-size:14px"><span style="color:rgb(102, 102, 102)">CPU:</span></span>\r\n	<div style="margin: 0px; padding: 6px 5px; display: table-cell; width: auto; vertical-align: top;"><span style="font-size:14px"><a href="https://www.thegioididong.com/hoi-dap/chip-xu-ly-apple-a9-tren-iphone-6s-va-6s-plus-733695" style="margin: 0px; padding: 0px; text-decoration-line: none; color: rgb(40, 138, 214);" target="_blank">Apple A9 2 nhân 64-bit</a></span></div>\r\n	</li>\r\n	<li><span style="font-size:14px"><span style="color:rgb(102, 102, 102)">RAM:</span></span>\r\n	<div style="margin: 0px; padding: 6px 5px; display: table-cell; width: auto; vertical-align: top;"><span style="font-size:14px">2 GB</span></div>\r\n	</li>\r\n	<li><span style="font-size:14px"><span style="color:rgb(102, 102, 102)">Bộ nhớ trong:</span></span>\r\n	<div style="margin: 0px; padding: 6px 5px; display: table-cell; width: auto; vertical-align: top;"><span style="font-size:14px">32 GB</span></div>\r\n	</li>\r\n	<li><span style="font-size:14px"><span style="color:rgb(102, 102, 102)">Thẻ SIM:</span></span>\r\n	<div style="margin: 0px; padding: 6px 5px; display: table-cell; width: auto; vertical-align: top;"><span style="font-size:14px"><a href="https://www.thegioididong.com/tin-tuc/tim-hieu-cac-loai-sim-thong-dung-sim-thuong-micro--590216#nanosim" style="margin: 0px; padding: 0px; text-decoration-line: none; color: rgb(40, 138, 214);" target="_blank">1 Nano SIM</a>,&nbsp;<a href="https://www.thegioididong.com/hoi-dap/4g-la-gi-731757" style="margin: 0px; padding: 0px; text-decoration-line: none; color: rgb(40, 138, 214);" target="_blank">Hỗ trợ 4G</a></span></div>\r\n	</li>\r\n	<li><span style="font-size:14px"><span style="color:rgb(102, 102, 102)">Dung lượng pin:</span></span>\r\n	<div style="margin: 0px; padding: 6px 5px; display: table-cell; width: auto; vertical-align: top;"><span style="font-size:14px">2750 mAh</span></div>\r\n	</li>\r\n</ul>', 19900000, 0, 'iphone7.png', 'cái', 0, NULL, '2017-07-29 17:29:26'),
(17, 'iPhone 7 Plus', 4, '<h2><span style="font-size:16px"><strong>Thông số kỹ thuật</strong></span></h2>\r\n\r\n<ul>\r\n	<li><span style="font-size:14px"><span style="color:rgb(102, 102, 102)">Màn hình:</span></span>\r\n\r\n	<div style="margin: 0px; padding: 6px 5px; display: table-cell; width: auto; vertical-align: top;"><span style="font-size:14px"><a href="https://www.thegioididong.com/hoi-dap/man-hinh-led-backlit-ips-lcd-la-gi-905757" style="margin: 0px; padding: 0px; text-decoration-line: none; color: rgb(40, 138, 214);" target="_blank">LED-backlit IPS LCD</a>, 5.5",&nbsp;<a href="https://www.thegioididong.com/hoi-dap/man-hinh-retina-la-gi-905780" style="margin: 0px; padding: 0px; text-decoration-line: none; color: rgb(40, 138, 214);" target="_blank">Retina HD</a></span></div>\r\n	</li>\r\n	<li><span style="font-size:14px"><span style="color:rgb(102, 102, 102)">Hệ điều hành:</span></span>\r\n	<div style="margin: 0px; padding: 6px 5px; display: table-cell; width: auto; vertical-align: top;"><span style="font-size:14px"><a href="https://www.thegioididong.com/tin-tuc/ios-10-chinh-thuc-ra-mat-voi-hang-loat-tinh-nang-moi-841598" style="margin: 0px; padding: 0px; text-decoration-line: none; color: rgb(40, 138, 214);" target="_blank">iOS 10</a></span></div>\r\n	</li>\r\n	<li><span style="font-size:14px"><span style="color:rgb(102, 102, 102)">Camera sau:</span></span>\r\n	<div style="margin: 0px; padding: 6px 5px; display: table-cell; width: auto; vertical-align: top;"><span style="font-size:14px">2 camera 12 MP</span></div>\r\n	</li>\r\n	<li><span style="font-size:14px"><span style="color:rgb(102, 102, 102)">Camera trước:</span></span>\r\n	<div style="margin: 0px; padding: 6px 5px; display: table-cell; width: auto; vertical-align: top;"><span style="font-size:14px">7 MP</span></div>\r\n	</li>\r\n	<li><span style="font-size:14px"><span style="color:rgb(102, 102, 102)">CPU:</span></span>\r\n	<div style="margin: 0px; padding: 6px 5px; display: table-cell; width: auto; vertical-align: top;"><span style="font-size:14px"><a href="https://www.thegioididong.com/hoi-dap/tong-quan-ve-chip-a10-fusion-cua-apple-885052" style="margin: 0px; padding: 0px; text-decoration-line: none; color: rgb(40, 138, 214);" target="_blank">Apple A10 Fusion 4 nhân 64-bit</a></span></div>\r\n	</li>\r\n	<li><span style="font-size:14px"><span style="color:rgb(102, 102, 102)">RAM:</span></span>\r\n	<div style="margin: 0px; padding: 6px 5px; display: table-cell; width: auto; vertical-align: top;"><span style="font-size:14px">3 GB</span></div>\r\n	</li>\r\n	<li><span style="font-size:14px"><span style="color:rgb(102, 102, 102)">Bộ nhớ trong:</span></span>\r\n	<div style="margin: 0px; padding: 6px 5px; display: table-cell; width: auto; vertical-align: top;"><span style="font-size:14px">128 GB</span></div>\r\n	</li>\r\n	<li><span style="font-size:14px"><span style="color:rgb(102, 102, 102)">Thẻ SIM:</span></span>\r\n	<div style="margin: 0px; padding: 6px 5px; display: table-cell; width: auto; vertical-align: top;"><span style="font-size:14px"><a href="https://www.thegioididong.com/tin-tuc/tim-hieu-cac-loai-sim-thong-dung-sim-thuong-micro--590216#nanosim" style="margin: 0px; padding: 0px; text-decoration-line: none; color: rgb(40, 138, 214);" target="_blank">1 Nano SIM</a>,&nbsp;<a href="https://www.thegioididong.com/hoi-dap/4g-la-gi-731757" style="margin: 0px; padding: 0px; text-decoration-line: none; color: rgb(40, 138, 214);" target="_blank">Hỗ trợ 4G</a></span></div>\r\n	</li>\r\n	<li><span style="font-size:14px"><span style="color:rgb(102, 102, 102)">Dung lượng pin:</span></span>\r\n	<div style="margin: 0px; padding: 6px 5px; display: table-cell; width: auto; vertical-align: top;"><span style="font-size:14px">2900 mAh</span></div>\r\n	</li>\r\n</ul>', 23990000, 22990000, 'iphone7plus.png', 'cái', 1, NULL, '2017-07-29 17:29:24'),
(18, 'iPhone SE', 4, '<h2><strong><span style="font-size:16px">Thông số kỹ thuật</span></strong></h2>\r\n\r\n<ul>\r\n	<li><span style="font-size:14px"><span style="color:rgb(102, 102, 102)">Màn hình:</span></span>\r\n\r\n	<div style="margin: 0px; padding: 6px 5px; display: table-cell; width: auto; vertical-align: top;"><span style="font-size:14px"><a href="https://www.thegioididong.com/hoi-dap/man-hinh-ips-lcd-la-gi-905752" style="margin: 0px; padding: 0px; text-decoration-line: none; color: rgb(40, 138, 214);" target="_blank">IPS LCD</a>, 4",&nbsp;<a href="https://www.thegioididong.com/hoi-dap/man-hinh-retina-la-gi-905780" style="margin: 0px; padding: 0px; text-decoration-line: none; color: rgb(40, 138, 214);" target="_blank">Retina</a></span></div>\r\n	</li>\r\n	<li><span style="font-size:14px"><span style="color:rgb(102, 102, 102)">Hệ điều hành:</span></span>\r\n	<div style="margin: 0px; padding: 6px 5px; display: table-cell; width: auto; vertical-align: top;"><span style="font-size:14px"><a href="https://www.thegioididong.com/tin-tuc/ngay-mai-ios-9-ra-mat-co-gi-moi-dang-de-ban-cho-doi-702229" style="margin: 0px; padding: 0px; text-decoration-line: none; color: rgb(40, 138, 214);" target="_blank">iOS 9</a></span></div>\r\n	</li>\r\n	<li><span style="font-size:14px"><span style="color:rgb(102, 102, 102)">Camera sau:</span></span>\r\n	<div style="margin: 0px; padding: 6px 5px; display: table-cell; width: auto; vertical-align: top;"><span style="font-size:14px">12 MP</span></div>\r\n	</li>\r\n	<li><span style="font-size:14px"><span style="color:rgb(102, 102, 102)">Camera trước:</span></span>\r\n	<div style="margin: 0px; padding: 6px 5px; display: table-cell; width: auto; vertical-align: top;"><span style="font-size:14px">1.2 MP</span></div>\r\n	</li>\r\n	<li><span style="font-size:14px"><span style="color:rgb(102, 102, 102)">CPU:</span></span>\r\n	<div style="margin: 0px; padding: 6px 5px; display: table-cell; width: auto; vertical-align: top;"><span style="font-size:14px"><a href="https://www.thegioididong.com/hoi-dap/chip-xu-ly-apple-a9-tren-iphone-6s-va-6s-plus-733695" style="margin: 0px; padding: 0px; text-decoration-line: none; color: rgb(40, 138, 214);" target="_blank">Apple A9 2 nhân 64-bit</a></span></div>\r\n	</li>\r\n	<li><span style="font-size:14px"><span style="color:rgb(102, 102, 102)">RAM:</span></span>\r\n	<div style="margin: 0px; padding: 6px 5px; display: table-cell; width: auto; vertical-align: top;"><span style="font-size:14px">2 GB</span></div>\r\n	</li>\r\n	<li><span style="font-size:14px"><span style="color:rgb(102, 102, 102)">Bộ nhớ trong:</span></span>\r\n	<div style="margin: 0px; padding: 6px 5px; display: table-cell; width: auto; vertical-align: top;"><span style="font-size:14px">64 GB</span></div>\r\n	</li>\r\n	<li><span style="font-size:14px"><span style="color:rgb(102, 102, 102)">Thẻ SIM:</span></span>\r\n	<div style="margin: 0px; padding: 6px 5px; display: table-cell; width: auto; vertical-align: top;"><span style="font-size:14px"><a href="https://www.thegioididong.com/tin-tuc/tim-hieu-cac-loai-sim-thong-dung-sim-thuong-micro--590216#nanosim" style="margin: 0px; padding: 0px; text-decoration-line: none; color: rgb(40, 138, 214);" target="_blank">1 Nano SIM</a>,&nbsp;<a href="https://www.dienmayxanh.com/kinh-nghiem-hay/mang-4g-la-gi-824397" style="margin: 0px; padding: 0px; text-decoration-line: none; color: rgb(40, 138, 214);" target="_blank">Hỗ trợ 4G</a></span></div>\r\n	</li>\r\n	<li><span style="font-size:14px"><span style="color:rgb(102, 102, 102)">Dung lượng pin:</span></span>\r\n	<div style="margin: 0px; padding: 6px 5px; display: table-cell; width: auto; vertical-align: top;"><span style="font-size:14px">1642 mAh</span></div>\r\n	</li>\r\n</ul>', 7990000, 6990000, 'iphonese.png', 'cái', 0, NULL, '2017-07-29 17:29:21'),
(19, 'OPPO F1S', 5, '<h2><strong><span style="font-size:16px">Thông số kỹ thuật</span></strong></h2>\r\n\r\n<ul>\r\n	<li><span style="font-size:14px"><span style="color:rgb(102, 102, 102)">Màn hình:</span></span>\r\n\r\n	<div style="margin: 0px; padding: 6px 5px; display: table-cell; width: auto; vertical-align: top;"><span style="font-size:14px"><a href="https://www.thegioididong.com/hoi-dap/man-hinh-ips-lcd-la-gi-905752" style="margin: 0px; padding: 0px; text-decoration-line: none; color: rgb(40, 138, 214);" target="_blank">IPS LCD</a>, 5.5",&nbsp;<a href="https://www.thegioididong.com/tin-tuc/do-phan-giai-man-hinh-qhd-hd-fullhd-2k-4k-la-gi--592178#hd" style="margin: 0px; padding: 0px; text-decoration-line: none; color: rgb(40, 138, 214);" target="_blank">HD</a></span></div>\r\n	</li>\r\n	<li><span style="font-size:14px"><span style="color:rgb(102, 102, 102)">Hệ điều hành:</span></span>\r\n	<div style="margin: 0px; padding: 6px 5px; display: table-cell; width: auto; vertical-align: top;"><span style="font-size:14px"><a href="https://www.thegioididong.com/hoi-dap/android-51-co-thay-doi-gi-moi-658189" style="margin: 0px; padding: 0px; text-decoration-line: none; color: rgb(40, 138, 214);" target="_blank">Android 5.1 (Lollipop)</a></span></div>\r\n	</li>\r\n	<li><span style="font-size:14px"><span style="color:rgb(102, 102, 102)">Camera sau:</span></span>\r\n	<div style="margin: 0px; padding: 6px 5px; display: table-cell; width: auto; vertical-align: top;"><span style="font-size:14px">13 MP</span></div>\r\n	</li>\r\n	<li><span style="font-size:14px"><span style="color:rgb(102, 102, 102)">Camera trước:</span></span>\r\n	<div style="margin: 0px; padding: 6px 5px; display: table-cell; width: auto; vertical-align: top;"><span style="font-size:14px">16 MP</span></div>\r\n	</li>\r\n	<li><span style="font-size:14px"><span style="color:rgb(102, 102, 102)">CPU:</span></span>\r\n	<div style="margin: 0px; padding: 6px 5px; display: table-cell; width: auto; vertical-align: top;"><span style="font-size:14px"><a href="https://www.thegioididong.com/hoi-dap/tim-hieu-chip-mediatek-mt6750-900098" style="margin: 0px; padding: 0px; text-decoration-line: none; color: rgb(40, 138, 214);" target="_blank">Mediatek MT6750 8 nhân</a></span></div>\r\n	</li>\r\n	<li><span style="font-size:14px"><span style="color:rgb(102, 102, 102)">RAM:</span></span>\r\n	<div style="margin: 0px; padding: 6px 5px; display: table-cell; width: auto; vertical-align: top;"><span style="font-size:14px">4 GB</span></div>\r\n	</li>\r\n	<li><span style="font-size:14px"><span style="color:rgb(102, 102, 102)">Bộ nhớ trong:</span></span>\r\n	<div style="margin: 0px; padding: 6px 5px; display: table-cell; width: auto; vertical-align: top;"><span style="font-size:14px">64 GB</span></div>\r\n	</li>\r\n	<li><span style="font-size:14px"><span style="color:rgb(102, 102, 102)">Thẻ nhớ:</span></span>\r\n	<div style="margin: 0px; padding: 6px 5px; display: table-cell; width: auto; vertical-align: top;"><span style="font-size:14px">MicroSD, hỗ trợ tối đa 128 GB</span></div>\r\n	</li>\r\n	<li><span style="font-size:14px"><span style="color:rgb(102, 102, 102)">Thẻ SIM:</span></span>\r\n	<div style="margin: 0px; padding: 6px 5px; display: table-cell; width: auto; vertical-align: top;"><span style="font-size:14px"><a href="https://www.thegioididong.com/tin-tuc/tim-hieu-cac-loai-sim-thong-dung-sim-thuong-micro--590216#nanosim" style="margin: 0px; padding: 0px; text-decoration-line: none; color: rgb(40, 138, 214);" target="_blank">2 Nano SIM</a>,&nbsp;<a href="https://www.thegioididong.com/hoi-dap/4g-la-gi-731757" style="margin: 0px; padding: 0px; text-decoration-line: none; color: rgb(40, 138, 214);" target="_blank">Hỗ trợ 4G</a></span></div>\r\n	</li>\r\n	<li><span style="font-size:14px"><span style="color:rgb(102, 102, 102)">Dung lượng pin:</span></span>\r\n	<div style="margin: 0px; padding: 6px 5px; display: table-cell; width: auto; vertical-align: top;"><span style="font-size:14px">3075 mAh</span></div>\r\n	</li>\r\n</ul>', 6070500, 0, 'oppof1s.png', 'cái', 1, NULL, '2017-07-29 17:30:14'),
(20, 'OPPO F3', 5, '<h2><strong><span style="font-size:16px">Thông số kỹ thuật</span></strong></h2>\r\n\r\n<ul>\r\n	<li><span style="font-size:14px"><span style="color:rgb(102, 102, 102)">Màn hình:</span></span>\r\n\r\n	<div style="margin: 0px; padding: 6px 5px; display: table-cell; width: auto; vertical-align: top;"><span style="font-size:14px"><a href="https://www.thegioididong.com/hoi-dap/man-hinh-ips-lcd-la-gi-905752" style="margin: 0px; padding: 0px; text-decoration-line: none; color: rgb(40, 138, 214);" target="_blank">IPS LCD</a>, 5.5",&nbsp;<a href="https://www.thegioididong.com/tin-tuc/do-phan-giai-man-hinh-qhd-hd-fullhd-2k-4k-la-gi--592178#fullhd" style="margin: 0px; padding: 0px; text-decoration-line: none; color: rgb(40, 138, 214);" target="_blank">Full HD</a></span></div>\r\n	</li>\r\n	<li><span style="font-size:14px"><span style="color:rgb(102, 102, 102)">Hệ điều hành:</span></span>\r\n	<div style="margin: 0px; padding: 6px 5px; display: table-cell; width: auto; vertical-align: top;"><span style="font-size:14px"><a href="https://www.thegioididong.com/hoi-dap/android-6-marshmallow-co-gi-hot-726146" style="margin: 0px; padding: 0px; text-decoration-line: none; color: rgb(40, 138, 214);" target="_blank">Android 6.0 (Marshmallow)</a></span></div>\r\n	</li>\r\n	<li><span style="font-size:14px"><span style="color:rgb(102, 102, 102)">Camera sau:</span></span>\r\n	<div style="margin: 0px; padding: 6px 5px; display: table-cell; width: auto; vertical-align: top;"><span style="font-size:14px">13 MP</span></div>\r\n	</li>\r\n	<li><span style="font-size:14px"><span style="color:rgb(102, 102, 102)">Camera trước:</span></span>\r\n	<div style="margin: 0px; padding: 6px 5px; display: table-cell; width: auto; vertical-align: top;"><span style="font-size:14px">16 MP và 8 MP</span></div>\r\n	</li>\r\n	<li><span style="font-size:14px"><span style="color:rgb(102, 102, 102)">CPU:</span></span>\r\n	<div style="margin: 0px; padding: 6px 5px; display: table-cell; width: auto; vertical-align: top;"><span style="font-size:14px"><a href="https://www.thegioididong.com/hoi-dap/tim-hieu-chip-mediatek-mt6750-900098" style="margin: 0px; padding: 0px; text-decoration-line: none; color: rgb(40, 138, 214);" target="_blank">MT6750T 8 nhân 64-bit</a></span></div>\r\n	</li>\r\n	<li><span style="font-size:14px"><span style="color:rgb(102, 102, 102)">RAM:</span></span>\r\n	<div style="margin: 0px; padding: 6px 5px; display: table-cell; width: auto; vertical-align: top;"><span style="font-size:14px">4 GB</span></div>\r\n	</li>\r\n	<li><span style="font-size:14px"><span style="color:rgb(102, 102, 102)">Bộ nhớ trong:</span></span>\r\n	<div style="margin: 0px; padding: 6px 5px; display: table-cell; width: auto; vertical-align: top;"><span style="font-size:14px">64 GB</span></div>\r\n	</li>\r\n	<li><span style="font-size:14px"><span style="color:rgb(102, 102, 102)">Thẻ nhớ:</span></span>\r\n	<div style="margin: 0px; padding: 6px 5px; display: table-cell; width: auto; vertical-align: top;"><span style="font-size:14px"><a href="https://www.thegioididong.com/the-nho-dien-thoai/the-nho-microsd-128gb-class-10-uhs1" style="margin: 0px; padding: 0px; text-decoration-line: none; color: rgb(40, 138, 214);" target="_blank">MicroSD, hỗ trợ tối đa 128 GB</a></span></div>\r\n	</li>\r\n	<li><span style="font-size:14px"><span style="color:rgb(102, 102, 102)">Thẻ SIM:</span></span>\r\n	<div style="margin: 0px; padding: 6px 5px; display: table-cell; width: auto; vertical-align: top;"><span style="font-size:14px"><a href="https://www.thegioididong.com/tin-tuc/tim-hieu-cac-loai-sim-thong-dung-sim-thuong-micro--590216#nanosim" style="margin: 0px; padding: 0px; text-decoration-line: none; color: rgb(40, 138, 214);" target="_blank">2 Nano SIM</a>,&nbsp;<a href="https://www.thegioididong.com/hoi-dap/4g-la-gi-731757" style="margin: 0px; padding: 0px; text-decoration-line: none; color: rgb(40, 138, 214);" target="_blank">Hỗ trợ 4G</a></span></div>\r\n	</li>\r\n	<li><span style="font-size:14px"><span style="color:rgb(102, 102, 102)">Dung lượng pin:</span></span>\r\n	<div style="margin: 0px; padding: 6px 5px; display: table-cell; width: auto; vertical-align: top;"><span style="font-size:14px">3200 mAh</span></div>\r\n	</li>\r\n</ul>', 6300000, 5990000, 'oppof3.png', 'cái', 1, NULL, '2017-07-29 17:30:11'),
(21, 'OPPO F3 Plus', 5, '<h2><strong><span style="font-size:16px">Thông số kỹ thuật</span></strong></h2>\r\n\r\n<ul>\r\n	<li><span style="font-size:14px"><span style="color:rgb(102, 102, 102)">Màn hình:</span></span>\r\n\r\n	<div style="margin: 0px; padding: 6px 5px; display: table-cell; width: auto; vertical-align: top;"><span style="font-size:14px"><a href="https://www.thegioididong.com/hoi-dap/man-hinh-ips-lcd-la-gi-905752" style="margin: 0px; padding: 0px; text-decoration-line: none; color: rgb(40, 138, 214);" target="_blank">IPS LCD</a>, 6",&nbsp;<a href="https://www.thegioididong.com/tin-tuc/do-phan-giai-man-hinh-qhd-hd-fullhd-2k-4k-la-gi--592178#fullhd" style="margin: 0px; padding: 0px; text-decoration-line: none; color: rgb(40, 138, 214);" target="_blank">Full HD</a></span></div>\r\n	</li>\r\n	<li><span style="font-size:14px"><span style="color:rgb(102, 102, 102)">Hệ điều hành:</span></span>\r\n	<div style="margin: 0px; padding: 6px 5px; display: table-cell; width: auto; vertical-align: top;"><span style="font-size:14px"><a href="https://www.thegioididong.com/hoi-dap/android-6-marshmallow-co-gi-hot-726146" style="margin: 0px; padding: 0px; text-decoration-line: none; color: rgb(40, 138, 214);" target="_blank">Android 6.0 (Marshmallow)</a></span></div>\r\n	</li>\r\n	<li><span style="font-size:14px"><span style="color:rgb(102, 102, 102)">Camera sau:</span></span>\r\n	<div style="margin: 0px; padding: 6px 5px; display: table-cell; width: auto; vertical-align: top;"><span style="font-size:14px">16 MP</span></div>\r\n	</li>\r\n	<li><span style="font-size:14px"><span style="color:rgb(102, 102, 102)">Camera trước:</span></span>\r\n	<div style="margin: 0px; padding: 6px 5px; display: table-cell; width: auto; vertical-align: top;"><span style="font-size:14px">16 MP và 8 MP</span></div>\r\n	</li>\r\n	<li><span style="font-size:14px"><span style="color:rgb(102, 102, 102)">CPU:</span></span>\r\n	<div style="margin: 0px; padding: 6px 5px; display: table-cell; width: auto; vertical-align: top;"><span style="font-size:14px"><a href="https://www.thegioididong.com/hoi-dap/chip-xu-ly-snapdragon-653-912378" style="margin: 0px; padding: 0px; text-decoration-line: none; color: rgb(40, 138, 214);" target="_blank">Snapdragon 653 8 nhân 64-bit</a></span></div>\r\n	</li>\r\n	<li><span style="font-size:14px"><span style="color:rgb(102, 102, 102)">RAM:</span></span>\r\n	<div style="margin: 0px; padding: 6px 5px; display: table-cell; width: auto; vertical-align: top;"><span style="font-size:14px">4 GB</span></div>\r\n	</li>\r\n	<li><span style="font-size:14px"><span style="color:rgb(102, 102, 102)">Bộ nhớ trong:</span></span>\r\n	<div style="margin: 0px; padding: 6px 5px; display: table-cell; width: auto; vertical-align: top;"><span style="font-size:14px">64 GB</span></div>\r\n	</li>\r\n	<li><span style="font-size:14px"><span style="color:rgb(102, 102, 102)">Thẻ nhớ:</span></span>\r\n	<div style="margin: 0px; padding: 6px 5px; display: table-cell; width: auto; vertical-align: top;"><span style="font-size:14px"><a href="https://www.thegioididong.com/the-nho-dien-thoai" style="margin: 0px; padding: 0px; text-decoration-line: none; color: rgb(40, 138, 214);" target="_blank">MicroSD, hỗ trợ tối đa 256 GB</a></span></div>\r\n	</li>\r\n	<li><span style="font-size:14px"><span style="color:rgb(102, 102, 102)">Thẻ SIM:</span></span>\r\n	<div style="margin: 0px; padding: 6px 5px; display: table-cell; width: auto; vertical-align: top;"><span style="font-size:14px"><a href="https://www.thegioididong.com/tin-tuc/tim-hieu-cac-loai-sim-thong-dung-sim-thuong-micro--590216#nanosim" style="margin: 0px; padding: 0px; text-decoration-line: none; color: rgb(40, 138, 214);" target="_blank">2 Nano SIM</a>,&nbsp;<a href="https://www.thegioididong.com/hoi-dap/4g-la-gi-731757" style="margin: 0px; padding: 0px; text-decoration-line: none; color: rgb(40, 138, 214);" target="_blank">Hỗ trợ 4G</a></span></div>\r\n	</li>\r\n	<li><span style="font-size:14px"><span style="color:rgb(102, 102, 102)">Dung lượng pin:</span></span>\r\n	<div style="margin: 0px; padding: 6px 5px; display: table-cell; width: auto; vertical-align: top;"><span style="font-size:14px">4000 mAh,&nbsp;<a href="https://www.thegioididong.com/hoi-dap/cong-nghe-sac-nhanh-tren-smartphone-755549" style="margin: 0px; padding: 0px; text-decoration-line: none; color: rgb(40, 138, 214);" target="_blank">có sạc nhanh</a></span></div>\r\n	</li>\r\n</ul>', 10690000, 0, 'oppof3plus.png', 'cái', 0, NULL, '2017-07-29 17:30:09'),
(22, 'OPPO Neo 9', 5, '<h2><strong><span style="font-size:16px">Thông số kỹ thuật</span></strong></h2>\r\n\r\n<ul>\r\n	<li><span style="font-size:14px"><span style="color:rgb(102, 102, 102)">Màn hình:</span></span>\r\n\r\n	<div style="margin: 0px; padding: 6px 5px; display: table-cell; width: auto; vertical-align: top;"><span style="font-size:14px"><a href="https://www.thegioididong.com/hoi-dap/man-hinh-ips-lcd-la-gi-905752" style="margin: 0px; padding: 0px; text-decoration-line: none; color: rgb(40, 138, 214);" target="_blank">IPS LCD</a>, 5",&nbsp;<a href="https://www.thegioididong.com/tin-tuc/do-phan-giai-man-hinh-qhd-hd-fullhd-2k-4k-la-gi--592178#hd" style="margin: 0px; padding: 0px; text-decoration-line: none; color: rgb(40, 138, 214);" target="_blank">HD</a></span></div>\r\n	</li>\r\n	<li><span style="font-size:14px"><span style="color:rgb(102, 102, 102)">Hệ điều hành:</span></span>\r\n	<div style="margin: 0px; padding: 6px 5px; display: table-cell; width: auto; vertical-align: top;"><span style="font-size:14px"><a href="https://www.thegioididong.com/hoi-dap/android-51-co-thay-doi-gi-moi-658189" style="margin: 0px; padding: 0px; text-decoration-line: none; color: rgb(40, 138, 214);" target="_blank">Android 5.1 (Lollipop)</a></span></div>\r\n	</li>\r\n	<li><span style="font-size:14px"><span style="color:rgb(102, 102, 102)">Camera sau:</span></span>\r\n	<div style="margin: 0px; padding: 6px 5px; display: table-cell; width: auto; vertical-align: top;"><span style="font-size:14px">8 MP</span></div>\r\n	</li>\r\n	<li><span style="font-size:14px"><span style="color:rgb(102, 102, 102)">Camera trước:</span></span>\r\n	<div style="margin: 0px; padding: 6px 5px; display: table-cell; width: auto; vertical-align: top;"><span style="font-size:14px">5 MP</span></div>\r\n	</li>\r\n	<li><span style="font-size:14px"><span style="color:rgb(102, 102, 102)">CPU:</span></span>\r\n	<div style="margin: 0px; padding: 6px 5px; display: table-cell; width: auto; vertical-align: top;"><span style="font-size:14px"><a href="https://www.thegioididong.com/tin-tuc/vi-xu-ly-di-dong-snapdragon-410-610-801-805-808-81-599368#snapdragon410" style="margin: 0px; padding: 0px; text-decoration-line: none; color: rgb(40, 138, 214);" target="_blank">Qualcomm Snapdragon 410 4 nhân 64-bit</a></span></div>\r\n	</li>\r\n	<li><span style="font-size:14px"><span style="color:rgb(102, 102, 102)">RAM:</span></span>\r\n	<div style="margin: 0px; padding: 6px 5px; display: table-cell; width: auto; vertical-align: top;"><span style="font-size:14px">2 GB</span></div>\r\n	</li>\r\n	<li><span style="font-size:14px"><span style="color:rgb(102, 102, 102)">Bộ nhớ trong:</span></span>\r\n	<div style="margin: 0px; padding: 6px 5px; display: table-cell; width: auto; vertical-align: top;"><span style="font-size:14px">16 GB</span></div>\r\n	</li>\r\n	<li><span style="font-size:14px"><span style="color:rgb(102, 102, 102)">Thẻ nhớ:</span></span>\r\n	<div style="margin: 0px; padding: 6px 5px; display: table-cell; width: auto; vertical-align: top;"><span style="font-size:14px"><a href="https://www.thegioididong.com/the-nho-dien-thoai/the-nho-microsd-128gb-class-10-uhs1" style="margin: 0px; padding: 0px; text-decoration-line: none; color: rgb(40, 138, 214);" target="_blank">MicroSD, hỗ trợ tối đa 128 GB</a></span></div>\r\n	</li>\r\n	<li><span style="font-size:14px"><span style="color:rgb(102, 102, 102)">Thẻ SIM:</span></span>\r\n	<div style="margin: 0px; padding: 6px 5px; display: table-cell; width: auto; vertical-align: top;"><span style="font-size:14px"><a href="https://www.thegioididong.com/tin-tuc/tim-hieu-cac-loai-sim-thong-dung-sim-thuong-micro--590216#nanosim" style="margin: 0px; padding: 0px; text-decoration-line: none; color: rgb(40, 138, 214);" target="_blank">2 Nano SIM</a>,&nbsp;<a href="https://www.thegioididong.com/hoi-dap/4g-la-gi-731757" style="margin: 0px; padding: 0px; text-decoration-line: none; color: rgb(40, 138, 214);" target="_blank">Hỗ trợ 4G</a></span></div>\r\n	</li>\r\n	<li><span style="font-size:14px"><span style="color:rgb(102, 102, 102)">Dung lượng pin:</span></span>\r\n	<div style="margin: 0px; padding: 6px 5px; display: table-cell; width: auto; vertical-align: top;"><span style="font-size:14px">2630 mAh</span></div>\r\n	</li>\r\n</ul>', 3290000, 2990000, 'opponeo9.png', 'cái', 1, NULL, '2017-07-29 17:30:07'),
(23, 'Samsung Galaxy A9 Pro', 6, '<h2><strong><span style="font-size:16px">Thông số kỹ thuật</span></strong></h2>\r\n\r\n<ul>\r\n	<li><span style="font-size:14px"><span style="color:rgb(102, 102, 102)">Màn hình:</span></span>\r\n\r\n	<div style="margin: 0px; padding: 6px 5px; display: table-cell; width: auto; vertical-align: top;"><span style="font-size:14px"><a href="https://www.thegioididong.com/hoi-dap/man-hinh-super-amoled-la-gi-905770" style="margin: 0px; padding: 0px; text-decoration-line: none; color: rgb(40, 138, 214);" target="_blank">Super AMOLED</a>, 6",&nbsp;<a href="https://www.thegioididong.com/tin-tuc/do-phan-giai-man-hinh-qhd-hd-fullhd-2k-4k-la-gi--592178#fullhd" style="margin: 0px; padding: 0px; text-decoration-line: none; color: rgb(40, 138, 214);" target="_blank">Full HD</a></span></div>\r\n	</li>\r\n	<li><span style="font-size:14px"><span style="color:rgb(102, 102, 102)">Hệ điều hành:</span></span>\r\n	<div style="margin: 0px; padding: 6px 5px; display: table-cell; width: auto; vertical-align: top;"><span style="font-size:14px"><a href="https://www.thegioididong.com/hoi-dap/android-6-marshmallow-co-gi-hot-726146" style="margin: 0px; padding: 0px; text-decoration-line: none; color: rgb(40, 138, 214);" target="_blank">Android 6.0 (Marshmallow)</a></span></div>\r\n	</li>\r\n	<li><span style="font-size:14px"><span style="color:rgb(102, 102, 102)">Camera sau:</span></span>\r\n	<div style="margin: 0px; padding: 6px 5px; display: table-cell; width: auto; vertical-align: top;"><span style="font-size:14px">16 MP</span></div>\r\n	</li>\r\n	<li><span style="font-size:14px"><span style="color:rgb(102, 102, 102)">Camera trước:</span></span>\r\n	<div style="margin: 0px; padding: 6px 5px; display: table-cell; width: auto; vertical-align: top;"><span style="font-size:14px">8 MP</span></div>\r\n	</li>\r\n	<li><span style="font-size:14px"><span style="color:rgb(102, 102, 102)">CPU:</span></span>\r\n	<div style="margin: 0px; padding: 6px 5px; display: table-cell; width: auto; vertical-align: top;"><span style="font-size:14px"><a href="https://www.thegioididong.com/hoi-dap/qualcom-snapdragon-652-va-adreno-510-762187" style="margin: 0px; padding: 0px; text-decoration-line: none; color: rgb(40, 138, 214);" target="_blank">Qualcomm Snapdragon 652 8 nhân</a></span></div>\r\n	</li>\r\n	<li><span style="font-size:14px"><span style="color:rgb(102, 102, 102)">RAM:</span></span>\r\n	<div style="margin: 0px; padding: 6px 5px; display: table-cell; width: auto; vertical-align: top;"><span style="font-size:14px">4 GB</span></div>\r\n	</li>\r\n	<li><span style="font-size:14px"><span style="color:rgb(102, 102, 102)">Bộ nhớ trong:</span></span>\r\n	<div style="margin: 0px; padding: 6px 5px; display: table-cell; width: auto; vertical-align: top;"><span style="font-size:14px">32 GB</span></div>\r\n	</li>\r\n	<li><span style="font-size:14px"><span style="color:rgb(102, 102, 102)">Thẻ nhớ:</span></span>\r\n	<div style="margin: 0px; padding: 6px 5px; display: table-cell; width: auto; vertical-align: top;"><span style="font-size:14px">MicroSD, hỗ trợ tối đa 256 GB</span></div>\r\n	</li>\r\n	<li><span style="font-size:14px"><span style="color:rgb(102, 102, 102)">Thẻ SIM:</span></span>\r\n	<div style="margin: 0px; padding: 6px 5px; display: table-cell; width: auto; vertical-align: top;"><span style="font-size:14px"><a href="https://www.thegioididong.com/tin-tuc/tim-hieu-cac-loai-sim-thong-dung-sim-thuong-micro--590216#nanosim" style="margin: 0px; padding: 0px; text-decoration-line: none; color: rgb(40, 138, 214);" target="_blank">2 Nano SIM</a>,&nbsp;<a href="https://www.thegioididong.com/hoi-dap/4g-la-gi-731757" style="margin: 0px; padding: 0px; text-decoration-line: none; color: rgb(40, 138, 214);" target="_blank">Hỗ trợ 4G</a></span></div>\r\n	</li>\r\n	<li><span style="font-size:14px"><span style="color:rgb(102, 102, 102)">Dung lượng pin:</span></span>\r\n	<div style="margin: 0px; padding: 6px 5px; display: table-cell; width: auto; vertical-align: top;"><span style="font-size:14px">5000 mAh, có sạc nhanh</span></div>\r\n	</li>\r\n</ul>', 8990000, 8590000, 'samsunggalaxya9pro.png', 'cái', 0, NULL, '2017-07-29 17:31:16'),
(24, 'Samsung Galaxy C9 Pro', 6, '<h2><span style="font-size:16px"><strong>Thông số kỹ thuật</strong></span></h2>\r\n\r\n<ul>\r\n	<li><span style="font-size:14px"><span style="color:rgb(102, 102, 102)">Màn hình:</span></span>\r\n\r\n	<div style="margin: 0px; padding: 6px 5px; display: table-cell; width: auto; vertical-align: top;"><span style="font-size:14px"><a href="https://www.thegioididong.com/hoi-dap/man-hinh-super-amoled-la-gi-905770" style="margin: 0px; padding: 0px; text-decoration-line: none; color: rgb(40, 138, 214);" target="_blank">Super AMOLED</a>, 6",&nbsp;<a href="https://www.thegioididong.com/tin-tuc/do-phan-giai-man-hinh-qhd-hd-fullhd-2k-4k-la-gi--592178#fullhd" style="margin: 0px; padding: 0px; text-decoration-line: none; color: rgb(40, 138, 214);" target="_blank">Full HD</a></span></div>\r\n	</li>\r\n	<li><span style="font-size:14px"><span style="color:rgb(102, 102, 102)">Hệ điều hành:</span></span>\r\n	<div style="margin: 0px; padding: 6px 5px; display: table-cell; width: auto; vertical-align: top;"><span style="font-size:14px"><a href="https://www.thegioididong.com/hoi-dap/android-6-marshmallow-co-gi-hot-726146" style="margin: 0px; padding: 0px; text-decoration-line: none; color: rgb(40, 138, 214);" target="_blank">Android 6.0 (Marshmallow)</a></span></div>\r\n	</li>\r\n	<li><span style="font-size:14px"><span style="color:rgb(102, 102, 102)">Camera sau:</span></span>\r\n	<div style="margin: 0px; padding: 6px 5px; display: table-cell; width: auto; vertical-align: top;"><span style="font-size:14px">16 MP</span></div>\r\n	</li>\r\n	<li><span style="font-size:14px"><span style="color:rgb(102, 102, 102)">Camera trước:</span></span>\r\n	<div style="margin: 0px; padding: 6px 5px; display: table-cell; width: auto; vertical-align: top;"><span style="font-size:14px">16 MP</span></div>\r\n	</li>\r\n	<li><span style="font-size:14px"><span style="color:rgb(102, 102, 102)">CPU:</span></span>\r\n	<div style="margin: 0px; padding: 6px 5px; display: table-cell; width: auto; vertical-align: top;"><span style="font-size:14px"><a href="https://www.thegioididong.com/hoi-dap/chip-xu-ly-snapdragon-653-912378" style="margin: 0px; padding: 0px; text-decoration-line: none; color: rgb(40, 138, 214);" target="_blank">Snapdragon 653 8 nhân 64-bit</a></span></div>\r\n	</li>\r\n	<li><span style="font-size:14px"><span style="color:rgb(102, 102, 102)">RAM:</span></span>\r\n	<div style="margin: 0px; padding: 6px 5px; display: table-cell; width: auto; vertical-align: top;"><span style="font-size:14px">6 GB</span></div>\r\n	</li>\r\n	<li><span style="font-size:14px"><span style="color:rgb(102, 102, 102)">Bộ nhớ trong:</span></span>\r\n	<div style="margin: 0px; padding: 6px 5px; display: table-cell; width: auto; vertical-align: top;"><span style="font-size:14px">64 GB</span></div>\r\n	</li>\r\n	<li><span style="font-size:14px"><span style="color:rgb(102, 102, 102)">Thẻ nhớ:</span></span>\r\n	<div style="margin: 0px; padding: 6px 5px; display: table-cell; width: auto; vertical-align: top;"><span style="font-size:14px">MicroSD, hỗ trợ tối đa 256 GB</span></div>\r\n	</li>\r\n	<li><span style="font-size:14px"><span style="color:rgb(102, 102, 102)">Thẻ SIM:</span></span>\r\n	<div style="margin: 0px; padding: 6px 5px; display: table-cell; width: auto; vertical-align: top;"><span style="font-size:14px"><a href="https://www.thegioididong.com/tin-tuc/tim-hieu-cac-loai-sim-thong-dung-sim-thuong-micro--590216#nanosim" style="margin: 0px; padding: 0px; text-decoration-line: none; color: rgb(40, 138, 214);" target="_blank">2 Nano SIM</a>,&nbsp;<a href="https://www.thegioididong.com/hoi-dap/4g-la-gi-731757" style="margin: 0px; padding: 0px; text-decoration-line: none; color: rgb(40, 138, 214);" target="_blank">Hỗ trợ 4G</a></span></div>\r\n	</li>\r\n	<li><span style="font-size:14px"><span style="color:rgb(102, 102, 102)">Dung lượng pin:</span></span>\r\n	<div style="margin: 0px; padding: 6px 5px; display: table-cell; width: auto; vertical-align: top;"><span style="font-size:14px">4000 mAh</span></div>\r\n	</li>\r\n</ul>', 11490000, 10990000, 'samsunggalaxyc9pro.png', 'cái', 1, NULL, '2017-07-29 17:31:10'),
(25, 'Samsung Galaxy Note 5', 6, '<h2><span style="font-size:16px"><strong>Thông số kỹ thuật</strong></span></h2>\r\n\r\n<ul>\r\n	<li><span style="font-size:14px"><span style="color:rgb(102, 102, 102)">Màn hình:</span></span>\r\n\r\n	<div style="margin: 0px; padding: 6px 5px; display: table-cell; width: auto; vertical-align: top;"><span style="font-size:14px"><a href="https://www.thegioididong.com/hoi-dap/man-hinh-super-amoled-la-gi-905770" style="margin: 0px; padding: 0px; text-decoration-line: none; color: rgb(40, 138, 214);" target="_blank">Super AMOLED</a>, 5.7",&nbsp;<a href="https://www.thegioididong.com/tin-tuc/do-phan-giai-man-hinh-qhd-hd-fullhd-2k-4k-la-gi--592178#4k" style="margin: 0px; padding: 0px; text-decoration-line: none; color: rgb(40, 138, 214);" target="_blank">Quad HD (2K)</a></span></div>\r\n	</li>\r\n	<li><span style="font-size:14px"><span style="color:rgb(102, 102, 102)">Hệ điều hành:</span></span>\r\n	<div style="margin: 0px; padding: 6px 5px; display: table-cell; width: auto; vertical-align: top;"><span style="font-size:14px"><a href="https://www.thegioididong.com/hoi-dap/android-6-marshmallow-co-gi-hot-726146" style="margin: 0px; padding: 0px; text-decoration-line: none; color: rgb(40, 138, 214);" target="_blank">Android 6.0 (Marshmallow)</a></span></div>\r\n	</li>\r\n	<li><span style="font-size:14px"><span style="color:rgb(102, 102, 102)">Camera sau:</span></span>\r\n	<div style="margin: 0px; padding: 6px 5px; display: table-cell; width: auto; vertical-align: top;"><span style="font-size:14px">16 MP</span></div>\r\n	</li>\r\n	<li><span style="font-size:14px"><span style="color:rgb(102, 102, 102)">Camera trước:</span></span>\r\n	<div style="margin: 0px; padding: 6px 5px; display: table-cell; width: auto; vertical-align: top;"><span style="font-size:14px">5 MP</span></div>\r\n	</li>\r\n	<li><span style="font-size:14px"><span style="color:rgb(102, 102, 102)">CPU:</span></span>\r\n	<div style="margin: 0px; padding: 6px 5px; display: table-cell; width: auto; vertical-align: top;"><span style="font-size:14px"><a href="https://www.thegioididong.com/hoi-dap/suc-manh-cua-chipset-exynos-7420-tren-samsung-gala-629803" style="margin: 0px; padding: 0px; text-decoration-line: none; color: rgb(40, 138, 214);" target="_blank">Exynos 7420 8 nhân 64-bit</a></span></div>\r\n	</li>\r\n	<li><span style="font-size:14px"><span style="color:rgb(102, 102, 102)">RAM:</span></span>\r\n	<div style="margin: 0px; padding: 6px 5px; display: table-cell; width: auto; vertical-align: top;"><span style="font-size:14px">4 GB</span></div>\r\n	</li>\r\n	<li><span style="font-size:14px"><span style="color:rgb(102, 102, 102)">Bộ nhớ trong:</span></span>\r\n	<div style="margin: 0px; padding: 6px 5px; display: table-cell; width: auto; vertical-align: top;"><span style="font-size:14px">32 GB</span></div>\r\n	</li>\r\n	<li><span style="font-size:14px"><span style="color:rgb(102, 102, 102)">Thẻ SIM:</span></span>\r\n	<div style="margin: 0px; padding: 6px 5px; display: table-cell; width: auto; vertical-align: top;"><span style="font-size:14px"><a href="https://www.thegioididong.com/tin-tuc/tim-hieu-cac-loai-sim-thong-dung-sim-thuong-micro--590216#nanosim" style="margin: 0px; padding: 0px; text-decoration-line: none; color: rgb(40, 138, 214);" target="_blank">1 Nano SIM</a>,&nbsp;<a href="https://www.thegioididong.com/hoi-dap/4g-la-gi-731757" style="margin: 0px; padding: 0px; text-decoration-line: none; color: rgb(40, 138, 214);" target="_blank">Hỗ trợ 4G</a></span></div>\r\n	</li>\r\n	<li><span style="font-size:14px"><span style="color:rgb(102, 102, 102)">Dung lượng pin:</span></span>\r\n	<div style="margin: 0px; padding: 6px 5px; display: table-cell; width: auto; vertical-align: top;"><span style="font-size:14px">3000 mAh, có sạc nhanh</span></div>\r\n	</li>\r\n</ul>', 10690000, 0, 'samsunggalaxynote5.png', 'cái', 0, NULL, '2017-07-29 17:31:07');
INSERT INTO `product` (`id`, `name`, `id_type`, `description`, `unit_price`, `promotion_price`, `image`, `unit`, `new`, `created_at`, `updated_at`) VALUES
(26, 'Samsung Galaxy S7 Edge', 6, '<h2><span style="font-size:16px"><strong>Thông số kỹ thuật</strong></span></h2>\r\n\r\n<ul>\r\n	<li><span style="font-size:14px"><span style="color:rgb(102, 102, 102)">Màn hình:</span></span>\r\n\r\n	<div style="margin: 0px; padding: 6px 5px; display: table-cell; width: auto; vertical-align: top;"><span style="font-size:14px"><a href="https://www.thegioididong.com/hoi-dap/man-hinh-super-amoled-la-gi-905770" style="margin: 0px; padding: 0px; text-decoration-line: none; color: rgb(40, 138, 214);" target="_blank">Super AMOLED</a>, 5.5",&nbsp;<a href="https://www.thegioididong.com/tin-tuc/do-phan-giai-man-hinh-qhd-hd-fullhd-2k-4k-la-gi--592178#4k" style="margin: 0px; padding: 0px; text-decoration-line: none; color: rgb(40, 138, 214);" target="_blank">Quad HD (2K)</a></span></div>\r\n	</li>\r\n	<li><span style="font-size:14px"><span style="color:rgb(102, 102, 102)">Hệ điều hành:</span></span>\r\n	<div style="margin: 0px; padding: 6px 5px; display: table-cell; width: auto; vertical-align: top;"><span style="font-size:14px"><a href="https://www.thegioididong.com/hoi-dap/android-6-marshmallow-co-gi-hot-726146" style="margin: 0px; padding: 0px; text-decoration-line: none; color: rgb(40, 138, 214);" target="_blank">Android 6.0 (Marshmallow)</a></span></div>\r\n	</li>\r\n	<li><span style="font-size:14px"><span style="color:rgb(102, 102, 102)">Camera sau:</span></span>\r\n	<div style="margin: 0px; padding: 6px 5px; display: table-cell; width: auto; vertical-align: top;"><span style="font-size:14px">12 MP</span></div>\r\n	</li>\r\n	<li><span style="font-size:14px"><span style="color:rgb(102, 102, 102)">Camera trước:</span></span>\r\n	<div style="margin: 0px; padding: 6px 5px; display: table-cell; width: auto; vertical-align: top;"><span style="font-size:14px">5 MP</span></div>\r\n	</li>\r\n	<li><span style="font-size:14px"><span style="color:rgb(102, 102, 102)">CPU:</span></span>\r\n	<div style="margin: 0px; padding: 6px 5px; display: table-cell; width: auto; vertical-align: top;"><span style="font-size:14px"><a href="https://www.thegioididong.com/hoi-dap/exynos-8890-817132" style="margin: 0px; padding: 0px; text-decoration-line: none; color: rgb(40, 138, 214);" target="_blank">Exynos 8890 8 nhân 64-bit</a></span></div>\r\n	</li>\r\n	<li><span style="font-size:14px"><span style="color:rgb(102, 102, 102)">RAM:</span></span>\r\n	<div style="margin: 0px; padding: 6px 5px; display: table-cell; width: auto; vertical-align: top;"><span style="font-size:14px">4 GB</span></div>\r\n	</li>\r\n	<li><span style="font-size:14px"><span style="color:rgb(102, 102, 102)">Bộ nhớ trong:</span></span>\r\n	<div style="margin: 0px; padding: 6px 5px; display: table-cell; width: auto; vertical-align: top;"><span style="font-size:14px">32 GB</span></div>\r\n	</li>\r\n	<li><span style="font-size:14px"><span style="color:rgb(102, 102, 102)">Thẻ nhớ:</span></span>\r\n	<div style="margin: 0px; padding: 6px 5px; display: table-cell; width: auto; vertical-align: top;"><span style="font-size:14px"><a href="https://www.thegioididong.com/the-nho-dien-thoai" style="margin: 0px; padding: 0px; text-decoration-line: none; color: rgb(40, 138, 214);" target="_blank">MicroSD, hỗ trợ tối đa 256 GB</a></span></div>\r\n	</li>\r\n	<li><span style="font-size:14px"><span style="color:rgb(102, 102, 102)">Thẻ SIM:</span></span>\r\n	<div style="margin: 0px; padding: 6px 5px; display: table-cell; width: auto; vertical-align: top;"><span style="font-size:14px">2 SIM Nano (SIM 2 chung khe thẻ nhớ),&nbsp;<a href="https://www.thegioididong.com/hoi-dap/4g-la-gi-731757" style="margin: 0px; padding: 0px; text-decoration-line: none; color: rgb(40, 138, 214);" target="_blank">Hỗ trợ 4G</a></span></div>\r\n	</li>\r\n	<li><span style="font-size:14px"><span style="color:rgb(102, 102, 102)">Dung lượng pin:</span></span>\r\n	<div style="margin: 0px; padding: 6px 5px; display: table-cell; width: auto; vertical-align: top;"><span style="font-size:14px">3600 mAh,&nbsp;<a href="https://www.thegioididong.com/hoi-dap/cong-nghe-sac-nhanh-tren-smartphone-755549" style="margin: 0px; padding: 0px; text-decoration-line: none; color: rgb(40, 138, 214);" target="_blank">có sạc nhanh</a></span></div>\r\n	</li>\r\n</ul>', 15490000, 0, 'samsunggalaxys7egde.png', 'cái', 0, NULL, '2017-07-29 17:31:04'),
(27, 'Samsung Galaxy S8', 6, '<h2><strong><span style="font-size:16px">Thông số kỹ thuật</span></strong></h2>\r\n\r\n<ul>\r\n	<li><span style="font-size:14px"><span style="color:rgb(102, 102, 102)">Màn hình:</span></span>\r\n\r\n	<div style="margin: 0px; padding: 6px 5px; display: table-cell; width: auto; vertical-align: top;"><span style="font-size:14px"><a href="https://www.thegioididong.com/hoi-dap/man-hinh-super-amoled-la-gi-905770" style="margin: 0px; padding: 0px; text-decoration-line: none; color: rgb(40, 138, 214);" target="_blank">Super AMOLED</a>, 5.8",&nbsp;<a href="https://www.thegioididong.com/tin-tuc/do-phan-giai-man-hinh-qhd-hd-fullhd-2k-4k-la-gi--592178#4k" style="margin: 0px; padding: 0px; text-decoration-line: none; color: rgb(40, 138, 214);" target="_blank">Quad HD (2K)</a></span></div>\r\n	</li>\r\n	<li><span style="font-size:14px"><span style="color:rgb(102, 102, 102)">Hệ điều hành:</span></span>\r\n	<div style="margin: 0px; padding: 6px 5px; display: table-cell; width: auto; vertical-align: top;"><span style="font-size:14px"><a href="https://www.thegioididong.com/tin-tuc/10-tinh-nang-tuyet-voi-tren-android-7-0-se-khien-ban-phat-cuong-phan-1--931000" style="margin: 0px; padding: 0px; text-decoration-line: none; color: rgb(40, 138, 214);" target="_blank">Android 7.0</a></span></div>\r\n	</li>\r\n	<li><span style="font-size:14px"><span style="color:rgb(102, 102, 102)">Camera sau:</span></span>\r\n	<div style="margin: 0px; padding: 6px 5px; display: table-cell; width: auto; vertical-align: top;"><span style="font-size:14px">12 MP</span></div>\r\n	</li>\r\n	<li><span style="font-size:14px"><span style="color:rgb(102, 102, 102)">Camera trước:</span></span>\r\n	<div style="margin: 0px; padding: 6px 5px; display: table-cell; width: auto; vertical-align: top;"><span style="font-size:14px">8 MP</span></div>\r\n	</li>\r\n	<li><span style="font-size:14px"><span style="color:rgb(102, 102, 102)">CPU:</span></span>\r\n	<div style="margin: 0px; padding: 6px 5px; display: table-cell; width: auto; vertical-align: top;"><span style="font-size:14px"><a href="https://www.thegioididong.com/tin-tuc/samsung-trinh-lang-chip-exynos-8895-danh-cho-smartphone-953561" style="margin: 0px; padding: 0px; text-decoration-line: none; color: rgb(40, 138, 214);" target="_blank">Exynos 8895 8 nhân 64-bit</a></span></div>\r\n	</li>\r\n	<li><span style="font-size:14px"><span style="color:rgb(102, 102, 102)">RAM:</span></span>\r\n	<div style="margin: 0px; padding: 6px 5px; display: table-cell; width: auto; vertical-align: top;"><span style="font-size:14px">4 GB</span></div>\r\n	</li>\r\n	<li><span style="font-size:14px"><span style="color:rgb(102, 102, 102)">Bộ nhớ trong:</span></span>\r\n	<div style="margin: 0px; padding: 6px 5px; display: table-cell; width: auto; vertical-align: top;"><span style="font-size:14px">64 GB</span></div>\r\n	</li>\r\n	<li><span style="font-size:14px"><span style="color:rgb(102, 102, 102)">Thẻ nhớ:</span></span>\r\n	<div style="margin: 0px; padding: 6px 5px; display: table-cell; width: auto; vertical-align: top;"><span style="font-size:14px"><a href="https://www.thegioididong.com/the-nho-dien-thoai" style="margin: 0px; padding: 0px; text-decoration-line: none; color: rgb(40, 138, 214);" target="_blank">MicroSD, hỗ trợ tối đa 256 GB</a></span></div>\r\n	</li>\r\n	<li><span style="font-size:14px"><span style="color:rgb(102, 102, 102)">Thẻ SIM:</span></span>\r\n	<div style="margin: 0px; padding: 6px 5px; display: table-cell; width: auto; vertical-align: top;"><span style="font-size:14px">2 SIM Nano (SIM 2 chung khe thẻ nhớ),&nbsp;<a href="https://www.thegioididong.com/hoi-dap/4g-la-gi-731757" style="margin: 0px; padding: 0px; text-decoration-line: none; color: rgb(40, 138, 214);" target="_blank">Hỗ trợ 4G</a></span></div>\r\n	</li>\r\n	<li><span style="font-size:14px"><span style="color:rgb(102, 102, 102)">Dung lượng pin:</span></span>\r\n	<div style="margin: 0px; padding: 6px 5px; display: table-cell; width: auto; vertical-align: top;"><span style="font-size:14px">3000 mAh,&nbsp;<a href="https://www.thegioididong.com/hoi-dap/cong-nghe-sac-nhanh-tren-smartphone-755549" style="margin: 0px; padding: 0px; text-decoration-line: none; color: rgb(40, 138, 214);" target="_blank">có sạc nhanh</a></span></div>\r\n	</li>\r\n</ul>', 18490000, 143000, 'samsunggalaxys8.png', 'cái', 1, NULL, '2017-07-29 17:31:01'),
(28, 'Samsung Galaxy S8 Plus', 6, '<h2><strong><span style="font-size:16px">Thông số kỹ thuật</span></strong></h2>\r\n\r\n<ul>\r\n	<li><span style="font-size:14px"><span style="color:rgb(102, 102, 102)">Màn hình:</span></span>\r\n\r\n	<div style="margin: 0px; padding: 6px 5px; display: table-cell; width: auto; vertical-align: top;"><span style="font-size:14px"><a href="https://www.thegioididong.com/hoi-dap/man-hinh-super-amoled-la-gi-905770" style="margin: 0px; padding: 0px; text-decoration-line: none; color: rgb(40, 138, 214);" target="_blank">Super AMOLED</a>, 6.2",&nbsp;<a href="https://www.thegioididong.com/tin-tuc/do-phan-giai-man-hinh-qhd-hd-fullhd-2k-4k-la-gi--592178#4k" style="margin: 0px; padding: 0px; text-decoration-line: none; color: rgb(40, 138, 214);" target="_blank">Quad HD (2K)</a></span></div>\r\n	</li>\r\n	<li><span style="font-size:14px"><span style="color:rgb(102, 102, 102)">Hệ điều hành:</span></span>\r\n	<div style="margin: 0px; padding: 6px 5px; display: table-cell; width: auto; vertical-align: top;"><span style="font-size:14px"><a href="https://www.thegioididong.com/tin-tuc/10-tinh-nang-tuyet-voi-tren-android-7-0-se-khien-ban-phat-cuong-phan-1--931000" style="margin: 0px; padding: 0px; text-decoration-line: none; color: rgb(40, 138, 214);" target="_blank">Android 7.0</a></span></div>\r\n	</li>\r\n	<li><span style="font-size:14px"><span style="color:rgb(102, 102, 102)">Camera sau:</span></span>\r\n	<div style="margin: 0px; padding: 6px 5px; display: table-cell; width: auto; vertical-align: top;"><span style="font-size:14px">12 MP</span></div>\r\n	</li>\r\n	<li><span style="font-size:14px"><span style="color:rgb(102, 102, 102)">Camera trước:</span></span>\r\n	<div style="margin: 0px; padding: 6px 5px; display: table-cell; width: auto; vertical-align: top;"><span style="font-size:14px">8 MP</span></div>\r\n	</li>\r\n	<li><span style="font-size:14px"><span style="color:rgb(102, 102, 102)">CPU:</span></span>\r\n	<div style="margin: 0px; padding: 6px 5px; display: table-cell; width: auto; vertical-align: top;"><span style="font-size:14px"><a href="https://www.thegioididong.com/tin-tuc/samsung-trinh-lang-chip-exynos-8895-danh-cho-smartphone-953561" style="margin: 0px; padding: 0px; text-decoration-line: none; color: rgb(40, 138, 214);" target="_blank">Exynos 8895 8 nhân 64-bit</a></span></div>\r\n	</li>\r\n	<li><span style="font-size:14px"><span style="color:rgb(102, 102, 102)">RAM:</span></span>\r\n	<div style="margin: 0px; padding: 6px 5px; display: table-cell; width: auto; vertical-align: top;"><span style="font-size:14px">4 GB</span></div>\r\n	</li>\r\n	<li><span style="font-size:14px"><span style="color:rgb(102, 102, 102)">Bộ nhớ trong:</span></span>\r\n	<div style="margin: 0px; padding: 6px 5px; display: table-cell; width: auto; vertical-align: top;"><span style="font-size:14px">64 GB</span></div>\r\n	</li>\r\n	<li><span style="font-size:14px"><span style="color:rgb(102, 102, 102)">Thẻ nhớ:</span></span>\r\n	<div style="margin: 0px; padding: 6px 5px; display: table-cell; width: auto; vertical-align: top;"><span style="font-size:14px"><a href="https://www.thegioididong.com/the-nho-dien-thoai" style="margin: 0px; padding: 0px; text-decoration-line: none; color: rgb(40, 138, 214);" target="_blank">MicroSD, hỗ trợ tối đa 256 GB</a></span></div>\r\n	</li>\r\n	<li><span style="font-size:14px"><span style="color:rgb(102, 102, 102)">Thẻ SIM:</span></span>\r\n	<div style="margin: 0px; padding: 6px 5px; display: table-cell; width: auto; vertical-align: top;"><span style="font-size:14px">2 SIM Nano (SIM 2 chung khe thẻ nhớ),&nbsp;<a href="https://www.thegioididong.com/hoi-dap/4g-la-gi-731757" style="margin: 0px; padding: 0px; text-decoration-line: none; color: rgb(40, 138, 214);" target="_blank">Hỗ trợ 4G</a></span></div>\r\n	</li>\r\n	<li><span style="font-size:14px"><span style="color:rgb(102, 102, 102)">Dung lượng pin:</span></span>\r\n	<div style="margin: 0px; padding: 6px 5px; display: table-cell; width: auto; vertical-align: top;"><span style="font-size:14px">3500 mAh,&nbsp;<a href="https://www.thegioididong.com/hoi-dap/cong-nghe-sac-nhanh-tren-smartphone-755549" style="margin: 0px; padding: 0px; text-decoration-line: none; color: rgb(40, 138, 214);" target="_blank">có sạc nhanh</a></span></div>\r\n	</li>\r\n</ul>', 20490000, 143000, 'samsunggalaxys8plus.png', 'cái', 1, NULL, '2017-07-29 17:30:58'),
(29, 'Sony XA1 Ultra', 7, '<h2><strong><span style="font-size:16px">Thông số kỹ thuật</span></strong></h2>\r\n\r\n<ul>\r\n	<li><span style="font-size:14px"><span style="color:rgb(102, 102, 102)">Màn hình:</span></span>\r\n\r\n	<div style="margin: 0px; padding: 6px 5px; display: table-cell; width: auto; vertical-align: top;"><span style="font-size:14px"><a href="https://www.thegioididong.com/hoi-dap/man-hinh-ips-lcd-la-gi-905752" style="margin: 0px; padding: 0px; text-decoration-line: none; color: rgb(40, 138, 214);" target="_blank">IPS LCD</a>, 6",&nbsp;<a href="https://www.thegioididong.com/tin-tuc/do-phan-giai-man-hinh-qhd-hd-fullhd-2k-4k-la-gi--592178#fullhd" style="margin: 0px; padding: 0px; text-decoration-line: none; color: rgb(40, 138, 214);" target="_blank">Full HD</a></span></div>\r\n	</li>\r\n	<li><span style="font-size:14px"><span style="color:rgb(102, 102, 102)">Hệ điều hành:</span></span>\r\n	<div style="margin: 0px; padding: 6px 5px; display: table-cell; width: auto; vertical-align: top;"><span style="font-size:14px"><a href="https://www.thegioididong.com/tin-tuc/10-tinh-nang-tuyet-voi-tren-android-7-0-se-khien-ban-phat-cuong-phan-1--931000" style="margin: 0px; padding: 0px; text-decoration-line: none; color: rgb(40, 138, 214);" target="_blank">Android 7.0</a></span></div>\r\n	</li>\r\n	<li><span style="font-size:14px"><span style="color:rgb(102, 102, 102)">Camera sau:</span></span>\r\n	<div style="margin: 0px; padding: 6px 5px; display: table-cell; width: auto; vertical-align: top;"><span style="font-size:14px">23 MP</span></div>\r\n	</li>\r\n	<li><span style="font-size:14px"><span style="color:rgb(102, 102, 102)">Camera trước:</span></span>\r\n	<div style="margin: 0px; padding: 6px 5px; display: table-cell; width: auto; vertical-align: top;"><span style="font-size:14px">16 MP</span></div>\r\n	</li>\r\n	<li><span style="font-size:14px"><span style="color:rgb(102, 102, 102)">CPU:</span></span>\r\n	<div style="margin: 0px; padding: 6px 5px; display: table-cell; width: auto; vertical-align: top;"><span style="font-size:14px"><a href="https://www.thegioididong.com/hoi-dap/mediatek-helio-p20-842189" style="margin: 0px; padding: 0px; text-decoration-line: none; color: rgb(40, 138, 214);" target="_blank">Mediatek Helio P20</a></span></div>\r\n	</li>\r\n	<li><span style="font-size:14px"><span style="color:rgb(102, 102, 102)">RAM:</span></span>\r\n	<div style="margin: 0px; padding: 6px 5px; display: table-cell; width: auto; vertical-align: top;"><span style="font-size:14px">4 GB</span></div>\r\n	</li>\r\n	<li><span style="font-size:14px"><span style="color:rgb(102, 102, 102)">Bộ nhớ trong:</span></span>\r\n	<div style="margin: 0px; padding: 6px 5px; display: table-cell; width: auto; vertical-align: top;"><span style="font-size:14px">64 GB</span></div>\r\n	</li>\r\n	<li><span style="font-size:14px"><span style="color:rgb(102, 102, 102)">Thẻ nhớ:</span></span>\r\n	<div style="margin: 0px; padding: 6px 5px; display: table-cell; width: auto; vertical-align: top;"><span style="font-size:14px"><a href="https://www.thegioididong.com/the-nho-dien-thoai" style="margin: 0px; padding: 0px; text-decoration-line: none; color: rgb(40, 138, 214);" target="_blank">MicroSD, hỗ trợ tối đa 256 GB</a></span></div>\r\n	</li>\r\n	<li><span style="font-size:14px"><span style="color:rgb(102, 102, 102)">Thẻ SIM:</span></span>\r\n	<div style="margin: 0px; padding: 6px 5px; display: table-cell; width: auto; vertical-align: top;"><span style="font-size:14px"><a href="https://www.thegioididong.com/tin-tuc/tim-hieu-cac-loai-sim-thong-dung-sim-thuong-micro--590216#nanosim" style="margin: 0px; padding: 0px; text-decoration-line: none; color: rgb(40, 138, 214);" target="_blank">2 Nano SIM</a>,&nbsp;<a href="https://www.thegioididong.com/hoi-dap/4g-la-gi-731757" style="margin: 0px; padding: 0px; text-decoration-line: none; color: rgb(40, 138, 214);" target="_blank">Hỗ trợ 4G</a></span></div>\r\n	</li>\r\n	<li><span style="font-size:14px"><span style="color:rgb(102, 102, 102)">Dung lượng pin:</span></span>\r\n	<div style="margin: 0px; padding: 6px 5px; display: table-cell; width: auto; vertical-align: top;"><span style="font-size:14px">2700 mAh,&nbsp;<a href="https://www.thegioididong.com/hoi-dap/cong-nghe-sac-nhanh-tren-smartphone-755549" style="margin: 0px; padding: 0px; text-decoration-line: none; color: rgb(40, 138, 214);" target="_blank">có sạc nhanh</a></span></div>\r\n	</li>\r\n</ul>', 8990000, 103000, 'SonyXA1ultra.png', 'cái', 0, NULL, '2017-07-29 17:32:06'),
(30, 'Sony Xperia X', 7, '<h2><strong><span style="font-size:16px">Thông số kỹ thuật</span></strong></h2>\r\n\r\n<ul>\r\n	<li><span style="font-size:14px"><span style="color:rgb(102, 102, 102)">Màn hình:</span></span>\r\n\r\n	<div style="margin: 0px; padding: 6px 5px; display: table-cell; width: auto; vertical-align: top;"><span style="font-size:14px"><a href="https://www.thegioididong.com/hoi-dap/man-hinh-ips-lcd-la-gi-905752" style="margin: 0px; padding: 0px; text-decoration-line: none; color: rgb(40, 138, 214);" target="_blank">IPS LCD</a>, 5",&nbsp;<a href="https://www.thegioididong.com/tin-tuc/do-phan-giai-man-hinh-qhd-hd-fullhd-2k-4k-la-gi--592178#fullhd" style="margin: 0px; padding: 0px; text-decoration-line: none; color: rgb(40, 138, 214);" target="_blank">Full HD</a></span></div>\r\n	</li>\r\n	<li><span style="font-size:14px"><span style="color:rgb(102, 102, 102)">Hệ điều hành:</span></span>\r\n	<div style="margin: 0px; padding: 6px 5px; display: table-cell; width: auto; vertical-align: top;"><span style="font-size:14px"><a href="https://www.thegioididong.com/hoi-dap/android-6-marshmallow-co-gi-hot-726146" style="margin: 0px; padding: 0px; text-decoration-line: none; color: rgb(40, 138, 214);" target="_blank">Android 6.0 (Marshmallow)</a></span></div>\r\n	</li>\r\n	<li><span style="font-size:14px"><span style="color:rgb(102, 102, 102)">Camera sau:</span></span>\r\n	<div style="margin: 0px; padding: 6px 5px; display: table-cell; width: auto; vertical-align: top;"><span style="font-size:14px">23 MP</span></div>\r\n	</li>\r\n	<li><span style="font-size:14px"><span style="color:rgb(102, 102, 102)">Camera trước:</span></span>\r\n	<div style="margin: 0px; padding: 6px 5px; display: table-cell; width: auto; vertical-align: top;"><span style="font-size:14px">13 MP</span></div>\r\n	</li>\r\n	<li><span style="font-size:14px"><span style="color:rgb(102, 102, 102)">CPU:</span></span>\r\n	<div style="margin: 0px; padding: 6px 5px; display: table-cell; width: auto; vertical-align: top;"><span style="font-size:14px"><a href="https://www.thegioididong.com/hoi-dap/qualcomm-snapdragon-650-844726" style="margin: 0px; padding: 0px; text-decoration-line: none; color: rgb(40, 138, 214);" target="_blank">Snapdragon 650 6 nhân 64-bit</a></span></div>\r\n	</li>\r\n	<li><span style="font-size:14px"><span style="color:rgb(102, 102, 102)">RAM:</span></span>\r\n	<div style="margin: 0px; padding: 6px 5px; display: table-cell; width: auto; vertical-align: top;"><span style="font-size:14px">3 GB</span></div>\r\n	</li>\r\n	<li><span style="font-size:14px"><span style="color:rgb(102, 102, 102)">Bộ nhớ trong:</span></span>\r\n	<div style="margin: 0px; padding: 6px 5px; display: table-cell; width: auto; vertical-align: top;"><span style="font-size:14px">64 GB</span></div>\r\n	</li>\r\n	<li><span style="font-size:14px"><span style="color:rgb(102, 102, 102)">Thẻ nhớ:</span></span>\r\n	<div style="margin: 0px; padding: 6px 5px; display: table-cell; width: auto; vertical-align: top;"><span style="font-size:14px">MicroSD, hỗ trợ tối đa 200 GB</span></div>\r\n	</li>\r\n	<li><span style="font-size:14px"><span style="color:rgb(102, 102, 102)">Thẻ SIM:</span></span>\r\n	<div style="margin: 0px; padding: 6px 5px; display: table-cell; width: auto; vertical-align: top;"><span style="font-size:14px"><a href="https://www.thegioididong.com/tin-tuc/tim-hieu-cac-loai-sim-thong-dung-sim-thuong-micro--590216#nanosim" style="margin: 0px; padding: 0px; text-decoration-line: none; color: rgb(40, 138, 214);" target="_blank">2 Nano SIM</a>, hỗ trợ 4G</span></div>\r\n	</li>\r\n	<li><span style="font-size:14px"><span style="color:rgb(102, 102, 102)">Dung lượng pin:</span></span>\r\n	<div style="margin: 0px; padding: 6px 5px; display: table-cell; width: auto; vertical-align: top;"><span style="font-size:14px">2620 mAh</span></div>\r\n	</li>\r\n</ul>', 7990000, 114000, 'SonyXperiaX.png', 'cái', 0, NULL, '2017-07-29 17:32:03'),
(31, 'Sony Xpreia XZs', 7, '<p>Điện thoại Sony</p>', 13990000, 0, 'SonyXperiaXZs.png', 'cái', 1, NULL, '2017-07-29 17:32:00'),
(32, 'Sony Xperia XA Ultra', 7, '<h2><strong><span style="font-size:16px">Thông số kỹ thuật</span></strong></h2>\r\n\r\n<ul>\r\n	<li><span style="font-size:14px"><span style="color:rgb(102, 102, 102)">Màn hình:</span></span>\r\n\r\n	<div style="margin: 0px; padding: 6px 5px; display: table-cell; width: auto; vertical-align: top;"><span style="font-size:14px"><a href="https://www.thegioididong.com/hoi-dap/man-hinh-ips-lcd-la-gi-905752" style="margin: 0px; padding: 0px; text-decoration-line: none; color: rgb(40, 138, 214);" target="_blank">IPS LCD</a>, 6",&nbsp;<a href="https://www.thegioididong.com/tin-tuc/do-phan-giai-man-hinh-qhd-hd-fullhd-2k-4k-la-gi--592178#fullhd" style="margin: 0px; padding: 0px; text-decoration-line: none; color: rgb(40, 138, 214);" target="_blank">Full HD</a></span></div>\r\n	</li>\r\n	<li><span style="font-size:14px"><span style="color:rgb(102, 102, 102)">Hệ điều hành:</span></span>\r\n	<div style="margin: 0px; padding: 6px 5px; display: table-cell; width: auto; vertical-align: top;"><span style="font-size:14px"><a href="https://www.thegioididong.com/hoi-dap/android-6-marshmallow-co-gi-hot-726146" style="margin: 0px; padding: 0px; text-decoration-line: none; color: rgb(40, 138, 214);" target="_blank">Android 6.0 (Marshmallow)</a></span></div>\r\n	</li>\r\n	<li><span style="font-size:14px"><span style="color:rgb(102, 102, 102)">Camera sau:</span></span>\r\n	<div style="margin: 0px; padding: 6px 5px; display: table-cell; width: auto; vertical-align: top;"><span style="font-size:14px">21.5 MP</span></div>\r\n	</li>\r\n	<li><span style="font-size:14px"><span style="color:rgb(102, 102, 102)">Camera trước:</span></span>\r\n	<div style="margin: 0px; padding: 6px 5px; display: table-cell; width: auto; vertical-align: top;"><span style="font-size:14px">16 MP</span></div>\r\n	</li>\r\n	<li><span style="font-size:14px"><span style="color:rgb(102, 102, 102)">CPU:</span></span>\r\n	<div style="margin: 0px; padding: 6px 5px; display: table-cell; width: auto; vertical-align: top;"><span style="font-size:14px"><a href="https://www.thegioididong.com/hoi-dap/mediatek-helio-p10-839964" style="margin: 0px; padding: 0px; text-decoration-line: none; color: rgb(40, 138, 214);" target="_blank">Helio P10 8 nhân 64-bit</a></span></div>\r\n	</li>\r\n	<li><span style="font-size:14px"><span style="color:rgb(102, 102, 102)">RAM:</span></span>\r\n	<div style="margin: 0px; padding: 6px 5px; display: table-cell; width: auto; vertical-align: top;"><span style="font-size:14px">3 GB</span></div>\r\n	</li>\r\n	<li><span style="font-size:14px"><span style="color:rgb(102, 102, 102)">Bộ nhớ trong:</span></span>\r\n	<div style="margin: 0px; padding: 6px 5px; display: table-cell; width: auto; vertical-align: top;"><span style="font-size:14px">16 GB</span></div>\r\n	</li>\r\n	<li><span style="font-size:14px"><span style="color:rgb(102, 102, 102)">Thẻ nhớ:</span></span>\r\n	<div style="margin: 0px; padding: 6px 5px; display: table-cell; width: auto; vertical-align: top;"><span style="font-size:14px">MicroSD, hỗ trợ tối đa 200 GB</span></div>\r\n	</li>\r\n	<li><span style="font-size:14px"><span style="color:rgb(102, 102, 102)">Thẻ SIM:</span></span>\r\n	<div style="margin: 0px; padding: 6px 5px; display: table-cell; width: auto; vertical-align: top;"><span style="font-size:14px"><a href="https://www.thegioididong.com/tin-tuc/tim-hieu-cac-loai-sim-thong-dung-sim-thuong-micro--590216#nanosim" style="margin: 0px; padding: 0px; text-decoration-line: none; color: rgb(40, 138, 214);" target="_blank">2 Nano SIM</a>,&nbsp;<a href="https://www.thegioididong.com/hoi-dap/4g-la-gi-731757" style="margin: 0px; padding: 0px; text-decoration-line: none; color: rgb(40, 138, 214);" target="_blank">Hỗ trợ 4G</a></span></div>\r\n	</li>\r\n	<li><span style="font-size:14px"><span style="color:rgb(102, 102, 102)">Dung lượng pin:</span></span>\r\n	<div style="margin: 0px; padding: 6px 5px; display: table-cell; width: auto; vertical-align: top;"><span style="font-size:14px">2700 mAh</span></div>\r\n	</li>\r\n</ul>', 6990000, 6640500, 'XperiaXAUltra.png', 'cái', 0, NULL, '2017-07-29 17:31:57'),
(33, 'Sony Xperia XZDual', 7, '<h2><strong><span style="font-size:16px">Thông số kỹ thuật</span></strong></h2>\r\n\r\n<ul>\r\n	<li><span style="font-size:14px"><span style="color:rgb(102, 102, 102)">Màn hình:</span></span>\r\n\r\n	<div style="margin: 0px; padding: 6px 5px; display: table-cell; width: auto; vertical-align: top;"><span style="font-size:14px"><a href="https://www.thegioididong.com/hoi-dap/cong-nghe-man-hinh-triluminos-la-gi-901357" style="margin: 0px; padding: 0px; text-decoration-line: none; color: rgb(40, 138, 214);" target="_blank">TRILUMINOS™</a>, 5.2",&nbsp;<a href="https://www.thegioididong.com/tin-tuc/do-phan-giai-man-hinh-qhd-hd-fullhd-2k-4k-la-gi--592178#fullhd" style="margin: 0px; padding: 0px; text-decoration-line: none; color: rgb(40, 138, 214);" target="_blank">Full HD</a></span></div>\r\n	</li>\r\n	<li><span style="font-size:14px"><span style="color:rgb(102, 102, 102)">Hệ điều hành:</span></span>\r\n	<div style="margin: 0px; padding: 6px 5px; display: table-cell; width: auto; vertical-align: top;"><span style="font-size:14px"><a href="https://www.thegioididong.com/tin-tuc/10-tinh-nang-tuyet-voi-tren-android-7-0-se-khien-ban-phat-cuong-phan-1--931000" style="margin: 0px; padding: 0px; text-decoration-line: none; color: rgb(40, 138, 214);" target="_blank">Android 7.0</a></span></div>\r\n	</li>\r\n	<li><span style="font-size:14px"><span style="color:rgb(102, 102, 102)">Camera sau:</span></span>\r\n	<div style="margin: 0px; padding: 6px 5px; display: table-cell; width: auto; vertical-align: top;"><span style="font-size:14px">23 MP</span></div>\r\n	</li>\r\n	<li><span style="font-size:14px"><span style="color:rgb(102, 102, 102)">Camera trước:</span></span>\r\n	<div style="margin: 0px; padding: 6px 5px; display: table-cell; width: auto; vertical-align: top;"><span style="font-size:14px">13 MP</span></div>\r\n	</li>\r\n	<li><span style="font-size:14px"><span style="color:rgb(102, 102, 102)">CPU:</span></span>\r\n	<div style="margin: 0px; padding: 6px 5px; display: table-cell; width: auto; vertical-align: top;"><span style="font-size:14px"><a href="https://www.thegioididong.com/hoi-dap/qualcomm-snapdragon-820-763732" style="margin: 0px; padding: 0px; text-decoration-line: none; color: rgb(40, 138, 214);" target="_blank">Snapdragon 820 4 nhân 64-bit</a></span></div>\r\n	</li>\r\n	<li><span style="font-size:14px"><span style="color:rgb(102, 102, 102)">RAM:</span></span>\r\n	<div style="margin: 0px; padding: 6px 5px; display: table-cell; width: auto; vertical-align: top;"><span style="font-size:14px">3 GB</span></div>\r\n	</li>\r\n	<li><span style="font-size:14px"><span style="color:rgb(102, 102, 102)">Bộ nhớ trong:</span></span>\r\n	<div style="margin: 0px; padding: 6px 5px; display: table-cell; width: auto; vertical-align: top;"><span style="font-size:14px">64 GB</span></div>\r\n	</li>\r\n	<li><span style="font-size:14px"><span style="color:rgb(102, 102, 102)">Thẻ nhớ:</span></span>\r\n	<div style="margin: 0px; padding: 6px 5px; display: table-cell; width: auto; vertical-align: top;"><span style="font-size:14px">MicroSD, hỗ trợ tối đa 256 GB</span></div>\r\n	</li>\r\n	<li><span style="font-size:14px"><span style="color:rgb(102, 102, 102)">Thẻ SIM:</span></span>\r\n	<div style="margin: 0px; padding: 6px 5px; display: table-cell; width: auto; vertical-align: top;"><span style="font-size:14px">2 SIM Nano (SIM 2 chung khe thẻ nhớ),&nbsp;<a href="https://www.thegioididong.com/hoi-dap/4g-la-gi-731757" style="margin: 0px; padding: 0px; text-decoration-line: none; color: rgb(40, 138, 214);" target="_blank">Hỗ trợ 4G</a></span></div>\r\n	</li>\r\n	<li><span style="font-size:14px"><span style="color:rgb(102, 102, 102)">Dung lượng pin:</span></span>\r\n	<div style="margin: 0px; padding: 6px 5px; display: table-cell; width: auto; vertical-align: top;"><span style="font-size:14px">2900 mAh, có sạc nhanh</span></div>\r\n	</li>\r\n</ul>', 10990000, 0, 'XperiaXZDual.png', 'cái', 1, NULL, '2017-07-29 17:31:54'),
(34, 'Xiaomi Mi MIX', 8, '<h2><span style="font-size:16px"><strong>Thông số kỹ thuật</strong></span></h2>\r\n\r\n<ul>\r\n	<li><span style="font-size:14px"><span style="color:rgb(102, 102, 102)">Màn hình:</span></span>\r\n\r\n	<div style="margin: 0px; padding: 6px 5px; display: table-cell; width: auto; vertical-align: top;"><span style="font-size:14px"><a href="https://www.thegioididong.com/hoi-dap/man-hinh-ips-lcd-la-gi-905752" style="margin: 0px; padding: 0px; text-decoration-line: none; color: rgb(40, 138, 214);" target="_blank">IPS LCD</a>, 6.4",&nbsp;<a href="https://www.thegioididong.com/tin-tuc/do-phan-giai-man-hinh-qhd-hd-fullhd-2k-4k-la-gi--592178#fullhd" style="margin: 0px; padding: 0px; text-decoration-line: none; color: rgb(40, 138, 214);" target="_blank">Full HD</a></span></div>\r\n	</li>\r\n	<li><span style="font-size:14px"><span style="color:rgb(102, 102, 102)">Hệ điều hành:</span></span>\r\n	<div style="margin: 0px; padding: 6px 5px; display: table-cell; width: auto; vertical-align: top;"><span style="font-size:14px"><a href="https://www.thegioididong.com/hoi-dap/android-6-marshmallow-co-gi-hot-726146" style="margin: 0px; padding: 0px; text-decoration-line: none; color: rgb(40, 138, 214);" target="_blank">Android 6.0 (Marshmallow)</a></span></div>\r\n	</li>\r\n	<li><span style="font-size:14px"><span style="color:rgb(102, 102, 102)">Camera sau:</span></span>\r\n	<div style="margin: 0px; padding: 6px 5px; display: table-cell; width: auto; vertical-align: top;"><span style="font-size:14px">16 MP</span></div>\r\n	</li>\r\n	<li><span style="font-size:14px"><span style="color:rgb(102, 102, 102)">Camera trước:</span></span>\r\n	<div style="margin: 0px; padding: 6px 5px; display: table-cell; width: auto; vertical-align: top;"><span style="font-size:14px">5 MP</span></div>\r\n	</li>\r\n	<li><span style="font-size:14px"><span style="color:rgb(102, 102, 102)">CPU:</span></span>\r\n	<div style="margin: 0px; padding: 6px 5px; display: table-cell; width: auto; vertical-align: top;"><span style="font-size:14px"><a href="https://www.thegioididong.com/tin-tuc/qualcomm-ra-mat-snapdragon-821-nhanh-hon-10-snapdragon-820-854763" style="margin: 0px; padding: 0px; text-decoration-line: none; color: rgb(40, 138, 214);" target="_blank">Qualcomm Snapdragon 821 4 nhân 64-bit</a></span></div>\r\n	</li>\r\n	<li><span style="font-size:14px"><span style="color:rgb(102, 102, 102)">RAM:</span></span>\r\n	<div style="margin: 0px; padding: 6px 5px; display: table-cell; width: auto; vertical-align: top;"><span style="font-size:14px">6 GB</span></div>\r\n	</li>\r\n	<li><span style="font-size:14px"><span style="color:rgb(102, 102, 102)">Bộ nhớ trong:</span></span>\r\n	<div style="margin: 0px; padding: 6px 5px; display: table-cell; width: auto; vertical-align: top;"><span style="font-size:14px">256 GB</span></div>\r\n	</li>\r\n	<li><span style="font-size:14px"><span style="color:rgb(102, 102, 102)">Thẻ SIM:</span></span>\r\n	<div style="margin: 0px; padding: 6px 5px; display: table-cell; width: auto; vertical-align: top;"><span style="font-size:14px"><a href="https://www.thegioididong.com/tin-tuc/tim-hieu-cac-loai-sim-thong-dung-sim-thuong-micro--590216#nanosim" style="margin: 0px; padding: 0px; text-decoration-line: none; color: rgb(40, 138, 214);" target="_blank">2 Nano SIM</a>,&nbsp;<a href="https://www.thegioididong.com/hoi-dap/4g-la-gi-731757" style="margin: 0px; padding: 0px; text-decoration-line: none; color: rgb(40, 138, 214);" target="_blank">Hỗ trợ 4G</a></span></div>\r\n	</li>\r\n	<li><span style="font-size:14px"><span style="color:rgb(102, 102, 102)">Dung lượng pin:</span></span>\r\n	<div style="margin: 0px; padding: 6px 5px; display: table-cell; width: auto; vertical-align: top;"><span style="font-size:14px">4400 mAh</span></div>\r\n	</li>\r\n</ul>', 12490000, 103000, 'XiaomiMiMIX.png', 'cái', 1, NULL, '2017-07-29 17:32:44'),
(35, 'Xiaomi Redmi4A', 8, '<h2><span style="font-size:16px"><strong>Thông số kỹ thuật</strong></span></h2>\r\n\r\n<ul>\r\n	<li><span style="font-size:14px"><span style="color:rgb(102, 102, 102)">Màn hình:</span></span>\r\n\r\n	<div style="margin: 0px; padding: 6px 5px; display: table-cell; width: auto; vertical-align: top;"><span style="font-size:14px"><a href="https://www.thegioididong.com/hoi-dap/man-hinh-ips-lcd-la-gi-905752" style="margin: 0px; padding: 0px; text-decoration-line: none; color: rgb(40, 138, 214);" target="_blank">IPS LCD</a>, 5",&nbsp;<a href="https://www.thegioididong.com/tin-tuc/do-phan-giai-man-hinh-qhd-hd-fullhd-2k-4k-la-gi--592178#hd" style="margin: 0px; padding: 0px; text-decoration-line: none; color: rgb(40, 138, 214);" target="_blank">HD</a></span></div>\r\n	</li>\r\n	<li><span style="font-size:14px"><span style="color:rgb(102, 102, 102)">Hệ điều hành:</span></span>\r\n	<div style="margin: 0px; padding: 6px 5px; display: table-cell; width: auto; vertical-align: top;"><span style="font-size:14px"><a href="https://www.thegioididong.com/hoi-dap/android-6-marshmallow-co-gi-hot-726146" style="margin: 0px; padding: 0px; text-decoration-line: none; color: rgb(40, 138, 214);" target="_blank">Android 6.0 (Marshmallow)</a></span></div>\r\n	</li>\r\n	<li><span style="font-size:14px"><span style="color:rgb(102, 102, 102)">Camera sau:</span></span>\r\n	<div style="margin: 0px; padding: 6px 5px; display: table-cell; width: auto; vertical-align: top;"><span style="font-size:14px">13 MP</span></div>\r\n	</li>\r\n	<li><span style="font-size:14px"><span style="color:rgb(102, 102, 102)">Camera trước:</span></span>\r\n	<div style="margin: 0px; padding: 6px 5px; display: table-cell; width: auto; vertical-align: top;"><span style="font-size:14px">5 MP</span></div>\r\n	</li>\r\n	<li><span style="font-size:14px"><span style="color:rgb(102, 102, 102)">CPU:</span></span>\r\n	<div style="margin: 0px; padding: 6px 5px; display: table-cell; width: auto; vertical-align: top;"><span style="font-size:14px"><a href="https://www.thegioididong.com/tin-tuc/qualcomm-cong-bo-loat-chip-snapdragon-moi-785447" style="margin: 0px; padding: 0px; text-decoration-line: none; color: rgb(40, 138, 214);" target="_blank">Qualcomm Snapdragon 425 4 nhân 64-bit</a></span></div>\r\n	</li>\r\n	<li><span style="font-size:14px"><span style="color:rgb(102, 102, 102)">RAM:</span></span>\r\n	<div style="margin: 0px; padding: 6px 5px; display: table-cell; width: auto; vertical-align: top;"><span style="font-size:14px">2 GB</span></div>\r\n	</li>\r\n	<li><span style="font-size:14px"><span style="color:rgb(102, 102, 102)">Bộ nhớ trong:</span></span>\r\n	<div style="margin: 0px; padding: 6px 5px; display: table-cell; width: auto; vertical-align: top;"><span style="font-size:14px">32 GB</span></div>\r\n	</li>\r\n	<li><span style="font-size:14px"><span style="color:rgb(102, 102, 102)">Thẻ nhớ:</span></span>\r\n	<div style="margin: 0px; padding: 6px 5px; display: table-cell; width: auto; vertical-align: top;"><span style="font-size:14px">MicroSD, hỗ trợ tối đa 256 GB</span></div>\r\n	</li>\r\n	<li><span style="font-size:14px"><span style="color:rgb(102, 102, 102)">Thẻ SIM:</span></span>\r\n	<div style="margin: 0px; padding: 6px 5px; display: table-cell; width: auto; vertical-align: top;"><span style="font-size:14px">Nano SIM &amp; Micro SIM, hỗ trợ 4G</span></div>\r\n	</li>\r\n	<li><span style="font-size:14px"><span style="color:rgb(102, 102, 102)">Dung lượng pin:</span></span>\r\n	<div style="margin: 0px; padding: 6px 5px; display: table-cell; width: auto; vertical-align: top;"><span style="font-size:14px">3120 mAh</span></div>\r\n	</li>\r\n</ul>', 2990000, 0, 'XiaomiRedmi4a.png', 'cái', 0, NULL, '2017-07-29 17:32:42'),
(36, 'Xiaomi Redmi4X', 8, '<h2><strong><span style="font-size:16px">Thông số kỹ thuật</span></strong></h2>\r\n\r\n<ul>\r\n	<li><span style="font-size:14px"><span style="color:rgb(102, 102, 102)">Màn hình:</span></span>\r\n\r\n	<div style="margin: 0px; padding: 6px 5px; display: table-cell; width: auto; vertical-align: top;"><span style="font-size:14px"><a href="https://www.thegioididong.com/hoi-dap/man-hinh-ips-lcd-la-gi-905752" style="margin: 0px; padding: 0px; text-decoration-line: none; color: rgb(40, 138, 214);" target="_blank">IPS LCD</a>, 5",&nbsp;<a href="https://www.thegioididong.com/tin-tuc/do-phan-giai-man-hinh-qhd-hd-fullhd-2k-4k-la-gi--592178#hd" style="margin: 0px; padding: 0px; text-decoration-line: none; color: rgb(40, 138, 214);" target="_blank">HD</a></span></div>\r\n	</li>\r\n	<li><span style="font-size:14px"><span style="color:rgb(102, 102, 102)">Hệ điều hành:</span></span>\r\n	<div style="margin: 0px; padding: 6px 5px; display: table-cell; width: auto; vertical-align: top;"><span style="font-size:14px"><a href="https://www.thegioididong.com/hoi-dap/android-6-marshmallow-co-gi-hot-726146" style="margin: 0px; padding: 0px; text-decoration-line: none; color: rgb(40, 138, 214);" target="_blank">Android 6.0 (Marshmallow)</a></span></div>\r\n	</li>\r\n	<li><span style="font-size:14px"><span style="color:rgb(102, 102, 102)">Camera sau:</span></span>\r\n	<div style="margin: 0px; padding: 6px 5px; display: table-cell; width: auto; vertical-align: top;"><span style="font-size:14px">13 MP</span></div>\r\n	</li>\r\n	<li><span style="font-size:14px"><span style="color:rgb(102, 102, 102)">Camera trước:</span></span>\r\n	<div style="margin: 0px; padding: 6px 5px; display: table-cell; width: auto; vertical-align: top;"><span style="font-size:14px">5 MP</span></div>\r\n	</li>\r\n	<li><span style="font-size:14px"><span style="color:rgb(102, 102, 102)">CPU:</span></span>\r\n	<div style="margin: 0px; padding: 6px 5px; display: table-cell; width: auto; vertical-align: top;"><span style="font-size:14px"><a href="https://www.thegioididong.com/tin-tuc/qualcomm-cong-bo-loat-chip-snapdragon-moi-785447" style="margin: 0px; padding: 0px; text-decoration-line: none; color: rgb(40, 138, 214);" target="_blank">Snapdragon 435 8 nhân</a></span></div>\r\n	</li>\r\n	<li><span style="font-size:14px"><span style="color:rgb(102, 102, 102)">RAM:</span></span>\r\n	<div style="margin: 0px; padding: 6px 5px; display: table-cell; width: auto; vertical-align: top;"><span style="font-size:14px">3 GB</span></div>\r\n	</li>\r\n	<li><span style="font-size:14px"><span style="color:rgb(102, 102, 102)">Bộ nhớ trong:</span></span>\r\n	<div style="margin: 0px; padding: 6px 5px; display: table-cell; width: auto; vertical-align: top;"><span style="font-size:14px">32 GB</span></div>\r\n	</li>\r\n	<li><span style="font-size:14px"><span style="color:rgb(102, 102, 102)">Thẻ nhớ:</span></span>\r\n	<div style="margin: 0px; padding: 6px 5px; display: table-cell; width: auto; vertical-align: top;"><span style="font-size:14px"><a href="https://www.thegioididong.com/the-nho-dien-thoai/the-nho-microsd-128gb-class-10-uhs1" style="margin: 0px; padding: 0px; text-decoration-line: none; color: rgb(40, 138, 214);" target="_blank">MicroSD, hỗ trợ tối đa 128 GB</a></span></div>\r\n	</li>\r\n	<li><span style="font-size:14px"><span style="color:rgb(102, 102, 102)">Thẻ SIM:</span></span>\r\n	<div style="margin: 0px; padding: 6px 5px; display: table-cell; width: auto; vertical-align: top;"><span style="font-size:14px">Nano SIM &amp; Micro SIM (SIM 2 chung khe thẻ nhớ),&nbsp;<a href="https://www.thegioididong.com/hoi-dap/4g-la-gi-731757" style="margin: 0px; padding: 0px; text-decoration-line: none; color: rgb(40, 138, 214);" target="_blank">Hỗ trợ 4G</a></span></div>\r\n	</li>\r\n	<li><span style="font-size:14px"><span style="color:rgb(102, 102, 102)">Dung lượng pin:</span></span>\r\n	<div style="margin: 0px; padding: 6px 5px; display: table-cell; width: auto; vertical-align: top;"><span style="font-size:14px">4100 mAh</span></div>\r\n	</li>\r\n</ul>', 3690000, 113000, 'XiaomiRedmi4X.png', 'cái', 1, NULL, '2017-07-29 17:32:40'),
(37, 'Xiaomi RedmiNote4', 8, '<h2><strong><span style="font-size:16px">Thông số kỹ thuật</span></strong></h2>\r\n\r\n<ul>\r\n	<li><span style="font-size:14px"><span style="color:rgb(102, 102, 102)">Màn hình:</span></span>\r\n\r\n	<div style="margin: 0px; padding: 6px 5px; display: table-cell; width: auto; vertical-align: top;"><span style="font-size:14px"><a href="https://www.thegioididong.com/hoi-dap/man-hinh-ips-lcd-la-gi-905752" style="margin: 0px; padding: 0px; text-decoration-line: none; color: rgb(40, 138, 214);" target="_blank">IPS LCD</a>, 5.5",&nbsp;<a href="https://www.thegioididong.com/tin-tuc/do-phan-giai-man-hinh-qhd-hd-fullhd-2k-4k-la-gi--592178#fullhd" style="margin: 0px; padding: 0px; text-decoration-line: none; color: rgb(40, 138, 214);" target="_blank">Full HD</a></span></div>\r\n	</li>\r\n	<li><span style="font-size:14px"><span style="color:rgb(102, 102, 102)">Hệ điều hành:</span></span>\r\n	<div style="margin: 0px; padding: 6px 5px; display: table-cell; width: auto; vertical-align: top;"><span style="font-size:14px"><a href="https://www.thegioididong.com/hoi-dap/android-6-marshmallow-co-gi-hot-726146" style="margin: 0px; padding: 0px; text-decoration-line: none; color: rgb(40, 138, 214);" target="_blank">Android 6.0 (Marshmallow)</a></span></div>\r\n	</li>\r\n	<li><span style="font-size:14px"><span style="color:rgb(102, 102, 102)">Camera sau:</span></span>\r\n	<div style="margin: 0px; padding: 6px 5px; display: table-cell; width: auto; vertical-align: top;"><span style="font-size:14px">13 MP</span></div>\r\n	</li>\r\n	<li><span style="font-size:14px"><span style="color:rgb(102, 102, 102)">Camera trước:</span></span>\r\n	<div style="margin: 0px; padding: 6px 5px; display: table-cell; width: auto; vertical-align: top;"><span style="font-size:14px">5 MP</span></div>\r\n	</li>\r\n	<li><span style="font-size:14px"><span style="color:rgb(102, 102, 102)">CPU:</span></span>\r\n	<div style="margin: 0px; padding: 6px 5px; display: table-cell; width: auto; vertical-align: top;"><span style="font-size:14px"><a href="https://www.thegioididong.com/hoi-dap/qualcomm-snapdragon-625-839970" style="margin: 0px; padding: 0px; text-decoration-line: none; color: rgb(40, 138, 214);" target="_blank">Snapdragon 625 8 nhân 64-bit</a></span></div>\r\n	</li>\r\n	<li><span style="font-size:14px"><span style="color:rgb(102, 102, 102)">RAM:</span></span>\r\n	<div style="margin: 0px; padding: 6px 5px; display: table-cell; width: auto; vertical-align: top;"><span style="font-size:14px">3 GB</span></div>\r\n	</li>\r\n	<li><span style="font-size:14px"><span style="color:rgb(102, 102, 102)">Bộ nhớ trong:</span></span>\r\n	<div style="margin: 0px; padding: 6px 5px; display: table-cell; width: auto; vertical-align: top;"><span style="font-size:14px">32 GB</span></div>\r\n	</li>\r\n	<li><span style="font-size:14px"><span style="color:rgb(102, 102, 102)">Thẻ nhớ:</span></span>\r\n	<div style="margin: 0px; padding: 6px 5px; display: table-cell; width: auto; vertical-align: top;"><span style="font-size:14px"><a href="https://www.thegioididong.com/the-nho-dien-thoai/the-nho-microsd-128gb-class-10-uhs1" style="margin: 0px; padding: 0px; text-decoration-line: none; color: rgb(40, 138, 214);" target="_blank">MicroSD, hỗ trợ tối đa 128 GB</a></span></div>\r\n	</li>\r\n	<li><span style="font-size:14px"><span style="color:rgb(102, 102, 102)">Thẻ SIM:</span></span>\r\n	<div style="margin: 0px; padding: 6px 5px; display: table-cell; width: auto; vertical-align: top;"><span style="font-size:14px">Nano SIM &amp; Micro SIM (SIM 2 chung khe thẻ nhớ),&nbsp;<a href="https://www.thegioididong.com/hoi-dap/4g-la-gi-731757" style="margin: 0px; padding: 0px; text-decoration-line: none; color: rgb(40, 138, 214);" target="_blank">Hỗ trợ 4G</a></span></div>\r\n	</li>\r\n	<li><span style="font-size:14px"><span style="color:rgb(102, 102, 102)">Dung lượng pin:</span></span>\r\n	<div style="margin: 0px; padding: 6px 5px; display: table-cell; width: auto; vertical-align: top;"><span style="font-size:14px">4100 mAh</span></div>\r\n	</li>\r\n</ul>', 4690000, 0, 'XiaomiRedmiNote4.png', 'cái', 1, NULL, '2017-07-29 17:32:38');

-- --------------------------------------------------------

--
-- Table structure for table `slide`
--

CREATE TABLE `slide` (
  `id` int(10) UNSIGNED NOT NULL,
  `name` varchar(191) COLLATE utf8mb4_unicode_ci NOT NULL,
  `image` varchar(191) COLLATE utf8mb4_unicode_ci NOT NULL,
  `created_at` timestamp NULL DEFAULT NULL,
  `updated_at` timestamp NULL DEFAULT NULL
) ENGINE=InnoDB DEFAULT CHARSET=utf8mb4 COLLATE=utf8mb4_unicode_ci;

--
-- Dumping data for table `slide`
--

INSERT INTO `slide` (`id`, `name`, `image`, `created_at`, `updated_at`) VALUES
(1, 'Bìa 1', 'bia1.jpg', NULL, NULL),
(2, 'Bìa 2', 'bia2.jpg', NULL, NULL);

-- --------------------------------------------------------

--
-- Table structure for table `type_product`
--

CREATE TABLE `type_product` (
  `id` int(10) UNSIGNED NOT NULL,
  `name` varchar(191) COLLATE utf8mb4_unicode_ci NOT NULL,
  `description` text COLLATE utf8mb4_unicode_ci NOT NULL,
  `image` varchar(191) COLLATE utf8mb4_unicode_ci NOT NULL,
  `created_at` timestamp NULL DEFAULT NULL,
  `updated_at` timestamp NULL DEFAULT NULL
) ENGINE=InnoDB DEFAULT CHARSET=utf8mb4 COLLATE=utf8mb4_unicode_ci;

--
-- Dumping data for table `type_product`
--

INSERT INTO `type_product` (`id`, `name`, `description`, `image`, `created_at`, `updated_at`) VALUES
(1, 'ASUS', 'Điện thoại asus là điện thoại đến từ Đài Loan phong cách mạnh mẽ, giá hợp lí...', 'zen2.png', NULL, NULL),
(2, 'HTC', 'Điện thoại HTC của Đài Loan', 'htcdesire10pro.png', NULL, NULL),
(3, 'Huawei', 'Điện thoại Huawei đến từ Trung Quốc 1 trong những tập đoàn điện tử công nghệ thông tin có tiếng tăm trên thế giới', 'huaweigr5.png', NULL, NULL),
(4, 'iPhone', 'iPhone là sản phẩm di động của hãng Apple đặt tại thung lũng Silicon bang California Mỹ, được sản xuất tại TQ với giá khá mềm dành cho dân thu nhập trung bình', 'iphone6plus.png', NULL, NULL),
(5, 'OPPO', 'Điện thoại đến từ Trung Quốc thích hợp cho giới trẻ dùng để Selfie', 'oppof1s.png', NULL, NULL),
(6, 'Samsung', 'Điện thoại của hãng Samsung đến từ Hàn Quốc đối thủ cạnh tranh mạnh mẽ với Apple', 'samsunggalaxya9pro.png', NULL, NULL),
(7, 'Sony', 'Điện thoại Sony của hãng Sony từ Nhật Bản', 'SonyXA1ultra.png', NULL, NULL),
(8, 'Xiaomi', 'Điện thoại Xiaomi đến từ Trung Quốc', 'XiaomiMiMIX.png', NULL, NULL);

-- --------------------------------------------------------

--
-- Table structure for table `users`
--

CREATE TABLE `users` (
  `id` int(10) UNSIGNED NOT NULL,
  `facebook_id` varchar(50) COLLATE utf8mb4_unicode_ci DEFAULT NULL,
  `google_id` varchar(50) COLLATE utf8mb4_unicode_ci DEFAULT NULL,
  `github_id` varchar(50) COLLATE utf8mb4_unicode_ci DEFAULT NULL,
  `twitter_id` varchar(50) COLLATE utf8mb4_unicode_ci DEFAULT NULL,
  `full_name` varchar(191) COLLATE utf8mb4_unicode_ci NOT NULL,
  `email` varchar(191) COLLATE utf8mb4_unicode_ci DEFAULT NULL,
  `avatar` varchar(191) COLLATE utf8mb4_unicode_ci DEFAULT NULL,
  `level` varchar(191) COLLATE utf8mb4_unicode_ci NOT NULL DEFAULT '0',
  `password` varchar(191) COLLATE utf8mb4_unicode_ci NOT NULL,
  `phone` varchar(191) COLLATE utf8mb4_unicode_ci DEFAULT NULL,
  `address` varchar(191) COLLATE utf8mb4_unicode_ci DEFAULT NULL,
  `note` varchar(50) COLLATE utf8mb4_unicode_ci DEFAULT NULL,
  `remember_token` varchar(100) COLLATE utf8mb4_unicode_ci DEFAULT NULL,
  `created_at` timestamp NULL DEFAULT NULL,
  `updated_at` timestamp NULL DEFAULT NULL
) ENGINE=InnoDB DEFAULT CHARSET=utf8mb4 COLLATE=utf8mb4_unicode_ci;

--
-- Dumping data for table `users`
--

INSERT INTO `users` (`id`, `facebook_id`, `google_id`, `github_id`, `twitter_id`, `full_name`, `email`, `avatar`, `level`, `password`, `phone`, `address`, `note`, `remember_token`, `created_at`, `updated_at`) VALUES
(1, '', '', NULL, NULL, 'voanhdat', 'voanhdat2008@gmail.com', NULL, '1', '$2y$10$MJbGBZ2k0Lb8Ts4zC/MI9efiiVYjcmEmxMmQEyJ2o0M0Pk8RcISz.', '0123123123', 'houston', NULL, 'Oq5sxQN4lu2IFvpaInTtwD8OWdBJMxnp7rTJickUzEMjMYt1yFHDXlGR602J', NULL, '2017-08-04 13:42:03'),
(3, NULL, NULL, NULL, NULL, 'vuthanh', 'vuthanh@gmail.com', NULL, '0', '$2y$10$j9OIIg9fnRiPu7BCTqoe/e8/LPRaKYIwqodgq3CjispI9lKvW92sC', '0918515412', 'ca mau', NULL, NULL, '2017-07-10 16:50:26', '2017-07-10 16:50:26'),
(4, NULL, NULL, NULL, NULL, 'vuthanhoo0', 'vuthanhoo12345@gmail.com', NULL, '1', '$2y$10$z3V5.f8wQJ..Ttmr9D96FOp34W22LAKgD2eQ4vkeFR0dWcctRGkUK', '0918552145', 'p6 tp cà mau', NULL, 'BaoDjRjqZO1QzTKV5WIvgzGY0FKYLTN2hw67PAuFR6Y7KWaXU5h7tSkFfn2p', '2017-07-11 05:14:28', '2017-07-11 05:14:28'),
(5, NULL, NULL, NULL, NULL, 'test', 'test@gmail.com', NULL, '0', '$2y$10$EXp2cWBRGDWRPX9NM4c9ZeGBydiaXfIEGUhnN7qktNW3A/t.supCy', '0123456789', 'Ca Mau', NULL, NULL, '2017-07-11 05:17:44', '2017-07-11 05:17:44'),
(6, '1666674540033755', NULL, NULL, NULL, 'Anh Dat', 'voanhdat_a7@yahoo.com', 'https://graph.facebook.com/v2.9/1666674540033755/picture?type=normal', '0', '$2y$10$CZxAWpRXFziNJpb5TIpwfufMzHSSjNO4iYE/QinEwFweVSaTksMna', NULL, NULL, NULL, 'EKmbqW9xNifSrf8HsWAoShncuOPIiQl8FEBOfvfTIWs95MCGeeyDnZSYAOqi', '2017-07-27 08:17:31', '2017-07-27 08:17:31'),
(7, NULL, '105454862181914861652', NULL, NULL, 'Anh Dat Vo', 'sglycafe@gmail.com', 'https://lh4.googleusercontent.com/-pTgXucp0jt8/AAAAAAAAAAI/AAAAAAAAAUs/iLJZFYREJeE/photo.jpg?sz=50', '0', '$2y$10$RXOHaGV843qzsgDSVuy4TONJ1RnwDP0Ys7l.gAoR10mqTzKy6j296', NULL, NULL, NULL, 'ODt1O3fSlfy6rui8UxGBsFt1kirTNNYQJkXpzYf3s5NPEXcJXzx5NBCN9r6H', '2017-07-27 09:10:36', '2017-07-27 09:10:36'),
(8, NULL, NULL, NULL, NULL, 'cmtechmobile', 'cmtechmobile@gmail.com', NULL, '1', '$2y$10$Y6ebq/hJurmMucwl8xWmM.TWCdwDcJciG.BNh025P8e8DhSREeFK6', '01235154194', 'Cà Mau', NULL, 's8q5W7IPhZ41ja5yZPJbGwPrlJmDV6s3LpQEyYdbGmhSk3S5DwVpM2qim3nj', '2017-07-28 06:55:28', '2017-08-04 16:48:32'),
(9, '525858407745353', NULL, NULL, NULL, 'Trần Vũ Thành', NULL, 'https://graph.facebook.com/v2.9/525858407745353/picture?type=normal', '0', '$2y$10$qXdNlYe.DpSFGT1tZq0MtuWGa94rfoyRBgNFRQAeRDN3XzEBoi3cS', NULL, NULL, NULL, 'UxCE5GJTr0UxZqyGfqjgCFrYn8W0DxmsMgyVzoQ8imVIew0e8LZrkaQFjpML', '2017-07-29 17:21:14', '2017-07-29 17:21:14'),
(10, NULL, '104690069806343721062', NULL, NULL, 'Vũ Thành Trần', 'vuthanhoo0@gmail.com', 'https://lh4.googleusercontent.com/-BHDUiE0mH94/AAAAAAAAAAI/AAAAAAAAbBc/YuHZrnd-__8/photo.jpg?sz=50', '0', '$2y$10$r1Wrgo60SLneNpKCsS/Ua.Fdo19akjQqR/7V7Q2YFU.Yab3wE4emO', NULL, NULL, NULL, 'coxmdpSUu0KxYGMBp0A0K5YBP5LkSLgQuXCsNGRzjUl5DUSrAVqQrutNg3Aw', '2017-07-29 17:23:01', '2017-07-29 17:23:01');

--
-- Indexes for dumped tables
--

--
-- Indexes for table `bills`
--
ALTER TABLE `bills`
  ADD PRIMARY KEY (`id`);

--
-- Indexes for table `bill_detail`
--
ALTER TABLE `bill_detail`
  ADD PRIMARY KEY (`id`);

--
-- Indexes for table `comment`
--
ALTER TABLE `comment`
  ADD PRIMARY KEY (`id`),
  ADD KEY `comment_iduser_foreign` (`idUser`),
  ADD KEY `comment_idsanpham_foreign` (`idSanPham`);

--
-- Indexes for table `customer`
--
ALTER TABLE `customer`
  ADD PRIMARY KEY (`id`);

--
-- Indexes for table `migrations`
--
ALTER TABLE `migrations`
  ADD PRIMARY KEY (`id`);

--
-- Indexes for table `password_resets`
--
ALTER TABLE `password_resets`
  ADD KEY `password_resets_email_index` (`email`);

--
-- Indexes for table `product`
--
ALTER TABLE `product`
  ADD PRIMARY KEY (`id`);

--
-- Indexes for table `slide`
--
ALTER TABLE `slide`
  ADD PRIMARY KEY (`id`);

--
-- Indexes for table `type_product`
--
ALTER TABLE `type_product`
  ADD PRIMARY KEY (`id`);

--
-- Indexes for table `users`
--
ALTER TABLE `users`
  ADD PRIMARY KEY (`id`),
  ADD UNIQUE KEY `users_email_unique` (`email`);

--
-- AUTO_INCREMENT for dumped tables
--

--
-- AUTO_INCREMENT for table `bills`
--
ALTER TABLE `bills`
  MODIFY `id` int(10) UNSIGNED NOT NULL AUTO_INCREMENT, AUTO_INCREMENT=20;
--
-- AUTO_INCREMENT for table `bill_detail`
--
ALTER TABLE `bill_detail`
  MODIFY `id` int(10) UNSIGNED NOT NULL AUTO_INCREMENT, AUTO_INCREMENT=15;
--
-- AUTO_INCREMENT for table `comment`
--
ALTER TABLE `comment`
  MODIFY `id` int(10) UNSIGNED NOT NULL AUTO_INCREMENT;
--
-- AUTO_INCREMENT for table `customer`
--
ALTER TABLE `customer`
  MODIFY `id` int(10) UNSIGNED NOT NULL AUTO_INCREMENT, AUTO_INCREMENT=20;
--
-- AUTO_INCREMENT for table `migrations`
--
ALTER TABLE `migrations`
  MODIFY `id` int(10) UNSIGNED NOT NULL AUTO_INCREMENT, AUTO_INCREMENT=12;
--
-- AUTO_INCREMENT for table `product`
--
ALTER TABLE `product`
  MODIFY `id` int(10) UNSIGNED NOT NULL AUTO_INCREMENT, AUTO_INCREMENT=38;
--
-- AUTO_INCREMENT for table `slide`
--
ALTER TABLE `slide`
  MODIFY `id` int(10) UNSIGNED NOT NULL AUTO_INCREMENT, AUTO_INCREMENT=3;
--
-- AUTO_INCREMENT for table `type_product`
--
ALTER TABLE `type_product`
  MODIFY `id` int(10) UNSIGNED NOT NULL AUTO_INCREMENT, AUTO_INCREMENT=9;
--
-- AUTO_INCREMENT for table `users`
--
ALTER TABLE `users`
  MODIFY `id` int(10) UNSIGNED NOT NULL AUTO_INCREMENT, AUTO_INCREMENT=11;
--
-- Constraints for dumped tables
--

--
-- Constraints for table `comment`
--
ALTER TABLE `comment`
  ADD CONSTRAINT `comment_idsanpham_foreign` FOREIGN KEY (`idSanPham`) REFERENCES `product` (`id`),
  ADD CONSTRAINT `comment_iduser_foreign` FOREIGN KEY (`idUser`) REFERENCES `users` (`id`);

/*!40101 SET CHARACTER_SET_CLIENT=@OLD_CHARACTER_SET_CLIENT */;
/*!40101 SET CHARACTER_SET_RESULTS=@OLD_CHARACTER_SET_RESULTS */;
/*!40101 SET COLLATION_CONNECTION=@OLD_COLLATION_CONNECTION */;
